DATAFLOW,LAST UPDATE,freq,crops,strucpro,geo,TIME_PERIOD,OBS_VALUE,OBS_FLAG
ESTAT:APRO_CPSH1(1.0),08/05/24 23:00:00,A,C0000,PR_HU_EU,AL,2000,565.70,
ESTAT:APRO_CPSH1(1.0),08/05/24 23:00:00,A,C0000,PR_HU_EU,AL,2001,502.50,
ESTAT:APRO_CPSH1(1.0),08/05/24 23:00:00,A,C0000,PR_HU_EU,AL,2002,518.80,
ESTAT:APRO_CPSH1(1.0),08/05/24 23:00:00,A,C0000,PR_HU_EU,AL,2003,488.50,
ESTAT:APRO_CPSH1(1.0),08/05/24 23:00:00,A,C0000,PR_HU_EU,AL,2004,498.80,
ESTAT:APRO_CPSH1(1.0),08/05/24 23:00:00,A,C0000,PR_HU_EU,AL,2005,511.20,
ESTAT:APRO_CPSH1(1.0),08/05/24 23:00:00,A,C0000,PR_HU_EU,AL,2006,507.50,
ESTAT:APRO_CPSH1(1.0),08/05/24 23:00:00,A,C0000,PR_HU_EU,AL,2007,493.60,
ESTAT:APRO_CPSH1(1.0),08/05/24 23:00:00,A,C0000,PR_HU_EU,AL,2008,608.50,
ESTAT:APRO_CPSH1(1.0),08/05/24 23:00:00,A,C0000,PR_HU_EU,AL,2009,629.90,
ESTAT:APRO_CPSH1(1.0),08/05/24 23:00:00,A,C0000,PR_HU_EU,AL,2011,701.20,
ESTAT:APRO_CPSH1(1.0),08/05/24 23:00:00,A,C0000,PR_HU_EU,AL,2012,697.40,
ESTAT:APRO_CPSH1(1.0),08/05/24 23:00:00,A,C0000,PR_HU_EU,AL,2014,700.00,
ESTAT:APRO_CPSH1(1.0),08/05/24 23:00:00,A,C0000,PR_HU_EU,AL,2015,695.50,
ESTAT:APRO_CPSH1(1.0),08/05/24 23:00:00,A,C0000,PR_HU_EU,AL,2016,698.40,
ESTAT:APRO_CPSH1(1.0),08/05/24 23:00:00,A,C0000,PR_HU_EU,AL,2018,678.20,
ESTAT:APRO_CPSH1(1.0),08/05/24 23:00:00,A,C0000,PR_HU_EU,AL,2019,666.10,
ESTAT:APRO_CPSH1(1.0),08/05/24 23:00:00,A,C0000,PR_HU_EU,AL,2020,684.00,
ESTAT:APRO_CPSH1(1.0),08/05/24 23:00:00,A,C0000,PR_HU_EU,AL,2021,691.40,
ESTAT:APRO_CPSH1(1.0),08/05/24 23:00:00,A,C0000,PR_HU_EU,AL,2022,690.90,
ESTAT:APRO_CPSH1(1.0),08/05/24 23:00:00,A,C0000,PR_HU_EU,AT,2000,4490.20,
ESTAT:APRO_CPSH1(1.0),08/05/24 23:00:00,A,C0000,PR_HU_EU,AT,2001,4833.80,
ESTAT:APRO_CPSH1(1.0),08/05/24 23:00:00,A,C0000,PR_HU_EU,AT,2002,4757.30,
ESTAT:APRO_CPSH1(1.0),08/05/24 23:00:00,A,C0000,PR_HU_EU,AT,2003,4263.80,
ESTAT:APRO_CPSH1(1.0),08/05/24 23:00:00,A,C0000,PR_HU_EU,AT,2004,5315.30,
ESTAT:APRO_CPSH1(1.0),08/05/24 23:00:00,A,C0000,PR_HU_EU,AT,2005,4898.30,
ESTAT:APRO_CPSH1(1.0),08/05/24 23:00:00,A,C0000,PR_HU_EU,AT,2006,4460.00,
ESTAT:APRO_CPSH1(1.0),08/05/24 23:00:00,A,C0000,PR_HU_EU,AT,2007,4757.90,
ESTAT:APRO_CPSH1(1.0),08/05/24 23:00:00,A,C0000,PR_HU_EU,AT,2008,5747.80,
ESTAT:APRO_CPSH1(1.0),08/05/24 23:00:00,A,C0000,PR_HU_EU,AT,2009,5144.20,
ESTAT:APRO_CPSH1(1.0),08/05/24 23:00:00,A,C0000,PR_HU_EU,AT,2010,4817.87,
ESTAT:APRO_CPSH1(1.0),08/05/24 23:00:00,A,C0000,PR_HU_EU,AT,2011,5704.27,
ESTAT:APRO_CPSH1(1.0),08/05/24 23:00:00,A,C0000,PR_HU_EU,AT,2012,4875.88,
ESTAT:APRO_CPSH1(1.0),08/05/24 23:00:00,A,C0000,PR_HU_EU,AT,2013,4590.15,
ESTAT:APRO_CPSH1(1.0),08/05/24 23:00:00,A,C0000,PR_HU_EU,AT,2014,5710.27,
ESTAT:APRO_CPSH1(1.0),08/05/24 23:00:00,A,C0000,PR_HU_EU,AT,2015,4826.90,
ESTAT:APRO_CPSH1(1.0),08/05/24 23:00:00,A,C0000,PR_HU_EU,AT,2016,5671.46,
ESTAT:APRO_CPSH1(1.0),08/05/24 23:00:00,A,C0000,PR_HU_EU,AT,2017,4847.27,
ESTAT:APRO_CPSH1(1.0),08/05/24 23:00:00,A,C0000,PR_HU_EU,AT,2018,4785.62,
ESTAT:APRO_CPSH1(1.0),08/05/24 23:00:00,A,C0000,PR_HU_EU,AT,2019,5398.03,
ESTAT:APRO_CPSH1(1.0),08/05/24 23:00:00,A,C0000,PR_HU_EU,AT,2020,5648.26,
ESTAT:APRO_CPSH1(1.0),08/05/24 23:00:00,A,C0000,PR_HU_EU,AT,2021,5318.08,
ESTAT:APRO_CPSH1(1.0),08/05/24 23:00:00,A,C0000,PR_HU_EU,AT,2022,5206.57,
ESTAT:APRO_CPSH1(1.0),08/05/24 23:00:00,A,C0000,PR_HU_EU,AT,2023,5235.05,
ESTAT:APRO_CPSH1(1.0),08/05/24 23:00:00,A,C0000,PR_HU_EU,BA,2000,941.05,e
ESTAT:APRO_CPSH1(1.0),08/05/24 23:00:00,A,C0000,PR_HU_EU,BA,2001,1151.21,e
ESTAT:APRO_CPSH1(1.0),08/05/24 23:00:00,A,C0000,PR_HU_EU,BA,2002,1322.91,e
ESTAT:APRO_CPSH1(1.0),08/05/24 23:00:00,A,C0000,PR_HU_EU,BA,2003,802.59,e
ESTAT:APRO_CPSH1(1.0),08/05/24 23:00:00,A,C0000,PR_HU_EU,BA,2004,1455.43,e
ESTAT:APRO_CPSH1(1.0),08/05/24 23:00:00,A,C0000,PR_HU_EU,BA,2005,1365.47,e
ESTAT:APRO_CPSH1(1.0),08/05/24 23:00:00,A,C0000,PR_HU_EU,BA,2006,1357.47,e
ESTAT:APRO_CPSH1(1.0),08/05/24 23:00:00,A,C0000,PR_HU_EU,BA,2007,1050.22,e
ESTAT:APRO_CPSH1(1.0),08/05/24 23:00:00,A,C0000,PR_HU_EU,BA,2008,1428.28,e
ESTAT:APRO_CPSH1(1.0),08/05/24 23:00:00,A,C0000,PR_HU_EU,BA,2009,1407.91,e
ESTAT:APRO_CPSH1(1.0),08/05/24 23:00:00,A,C0000,PR_HU_EU,BA,2010,1264.40,e
ESTAT:APRO_CPSH1(1.0),08/05/24 23:00:00,A,C0000,PR_HU_EU,BA,2011,1131.26,e
ESTAT:APRO_CPSH1(1.0),08/05/24 23:00:00,A,C0000,PR_HU_EU,BA,2012,916.70,e
ESTAT:APRO_CPSH1(1.0),08/05/24 23:00:00,A,C0000,PR_HU_EU,BA,2013,1236.71,e
ESTAT:APRO_CPSH1(1.0),08/05/24 23:00:00,A,C0000,PR_HU_EU,BA,2014,1094.66,e
ESTAT:APRO_CPSH1(1.0),08/05/24 23:00:00,A,C0000,PR_HU_EU,BA,2015,1150.87,e
ESTAT:APRO_CPSH1(1.0),08/05/24 23:00:00,A,C0000,PR_HU_EU,BA,2016,1677.52,e
ESTAT:APRO_CPSH1(1.0),08/05/24 23:00:00,A,C0000,PR_HU_EU,BA,2017,1176.89,e
ESTAT:APRO_CPSH1(1.0),08/05/24 23:00:00,A,C0000,PR_HU_EU,BA,2018,1764.10,e
ESTAT:APRO_CPSH1(1.0),08/05/24 23:00:00,A,C0000,PR_HU_EU,BA,2019,1685.56,e
ESTAT:APRO_CPSH1(1.0),08/05/24 23:00:00,A,C0000,PR_HU_EU,BA,2020,1966.78,e
ESTAT:APRO_CPSH1(1.0),08/05/24 23:00:00,A,C0000,PR_HU_EU,BA,2021,1425.13,e
ESTAT:APRO_CPSH1(1.0),08/05/24 23:00:00,A,C0000,PR_HU_EU,BA,2022,1206.54,b
ESTAT:APRO_CPSH1(1.0),08/05/24 23:00:00,A,C0000,PR_HU_EU,BE,2000,2495.37,
ESTAT:APRO_CPSH1(1.0),08/05/24 23:00:00,A,C0000,PR_HU_EU,BE,2001,2342.05,
ESTAT:APRO_CPSH1(1.0),08/05/24 23:00:00,A,C0000,PR_HU_EU,BE,2002,2522.68,
ESTAT:APRO_CPSH1(1.0),08/05/24 23:00:00,A,C0000,PR_HU_EU,BE,2003,2540.66,
ESTAT:APRO_CPSH1(1.0),08/05/24 23:00:00,A,C0000,PR_HU_EU,BE,2004,2789.72,
ESTAT:APRO_CPSH1(1.0),08/05/24 23:00:00,A,C0000,PR_HU_EU,BE,2005,2676.63,
ESTAT:APRO_CPSH1(1.0),08/05/24 23:00:00,A,C0000,PR_HU_EU,BE,2006,2642.97,
ESTAT:APRO_CPSH1(1.0),08/05/24 23:00:00,A,C0000,PR_HU_EU,BE,2007,2611.81,
ESTAT:APRO_CPSH1(1.0),08/05/24 23:00:00,A,C0000,PR_HU_EU,BE,2008,3099.54,
ESTAT:APRO_CPSH1(1.0),08/05/24 23:00:00,A,C0000,PR_HU_EU,BE,2009,3165.82,
ESTAT:APRO_CPSH1(1.0),08/05/24 23:00:00,A,C0000,PR_HU_EU,BE,2010,2921.05,
ESTAT:APRO_CPSH1(1.0),08/05/24 23:00:00,A,C0000,PR_HU_EU,BE,2011,2796.99,
ESTAT:APRO_CPSH1(1.0),08/05/24 23:00:00,A,C0000,PR_HU_EU,BE,2012,2829.41,
ESTAT:APRO_CPSH1(1.0),08/05/24 23:00:00,A,C0000,PR_HU_EU,BE,2013,2990.77,
ESTAT:APRO_CPSH1(1.0),08/05/24 23:00:00,A,C0000,PR_HU_EU,BE,2014,3054.92,
ESTAT:APRO_CPSH1(1.0),08/05/24 23:00:00,A,C0000,PR_HU_EU,BE,2015,3133.68,
ESTAT:APRO_CPSH1(1.0),08/05/24 23:00:00,A,C0000,PR_HU_EU,BE,2016,2228.79,
ESTAT:APRO_CPSH1(1.0),08/05/24 23:00:00,A,C0000,PR_HU_EU,BE,2017,2642.25,
ESTAT:APRO_CPSH1(1.0),08/05/24 23:00:00,A,C0000,PR_HU_EU,BE,2018,2431.04,
ESTAT:APRO_CPSH1(1.0),08/05/24 23:00:00,A,C0000,PR_HU_EU,BE,2019,2816.04,
ESTAT:APRO_CPSH1(1.0),08/05/24 23:00:00,A,C0000,PR_HU_EU,BE,2020,2565.70,
ESTAT:APRO_CPSH1(1.0),08/05/24 23:00:00,A,C0000,PR_HU_EU,BE,2021,2452.66,
ESTAT:APRO_CPSH1(1.0),08/05/24 23:00:00,A,C0000,PR_HU_EU,BE,2022,2780.16,
ESTAT:APRO_CPSH1(1.0),08/05/24 23:00:00,A,C0000,PR_HU_EU,BE,2023,2796.39,p
ESTAT:APRO_CPSH1(1.0),08/05/24 23:00:00,A,C0000,PR_HU_EU,BG,2000,5242.50,
ESTAT:APRO_CPSH1(1.0),08/05/24 23:00:00,A,C0000,PR_HU_EU,BG,2001,6055.80,
ESTAT:APRO_CPSH1(1.0),08/05/24 23:00:00,A,C0000,PR_HU_EU,BG,2002,6754.00,
ESTAT:APRO_CPSH1(1.0),08/05/24 23:00:00,A,C0000,PR_HU_EU,BG,2003,3814.10,
ESTAT:APRO_CPSH1(1.0),08/05/24 23:00:00,A,C0000,PR_HU_EU,BG,2004,7462.80,
ESTAT:APRO_CPSH1(1.0),08/05/24 23:00:00,A,C0000,PR_HU_EU,BG,2005,5839.10,
ESTAT:APRO_CPSH1(1.0),08/05/24 23:00:00,A,C0000,PR_HU_EU,BG,2006,5531.80,
ESTAT:APRO_CPSH1(1.0),08/05/24 23:00:00,A,C0000,PR_HU_EU,BG,2007,3276.36,
ESTAT:APRO_CPSH1(1.0),08/05/24 23:00:00,A,C0000,PR_HU_EU,BG,2008,7211.38,
ESTAT:APRO_CPSH1(1.0),08/05/24 23:00:00,A,C0000,PR_HU_EU,BG,2009,6606.56,
ESTAT:APRO_CPSH1(1.0),08/05/24 23:00:00,A,C0000,PR_HU_EU,BG,2010,7277.48,
ESTAT:APRO_CPSH1(1.0),08/05/24 23:00:00,A,C0000,PR_HU_EU,BG,2011,7704.04,
ESTAT:APRO_CPSH1(1.0),08/05/24 23:00:00,A,C0000,PR_HU_EU,BG,2012,7191.14,
ESTAT:APRO_CPSH1(1.0),08/05/24 23:00:00,A,C0000,PR_HU_EU,BG,2013,9366.81,
ESTAT:APRO_CPSH1(1.0),08/05/24 23:00:00,A,C0000,PR_HU_EU,BG,2014,9674.49,
ESTAT:APRO_CPSH1(1.0),08/05/24 23:00:00,A,C0000,PR_HU_EU,BG,2015,8728.97,
ESTAT:APRO_CPSH1(1.0),08/05/24 23:00:00,A,C0000,PR_HU_EU,BG,2016,8945.12,
ESTAT:APRO_CPSH1(1.0),08/05/24 23:00:00,A,C0000,PR_HU_EU,BG,2017,9737.28,
ESTAT:APRO_CPSH1(1.0),08/05/24 23:00:00,A,C0000,PR_HU_EU,BG,2018,10110.55,
ESTAT:APRO_CPSH1(1.0),08/05/24 23:00:00,A,C0000,PR_HU_EU,BG,2019,11131.81,
ESTAT:APRO_CPSH1(1.0),08/05/24 23:00:00,A,C0000,PR_HU_EU,BG,2020,8599.06,
ESTAT:APRO_CPSH1(1.0),08/05/24 23:00:00,A,C0000,PR_HU_EU,BG,2021,11639.98,
ESTAT:APRO_CPSH1(1.0),08/05/24 23:00:00,A,C0000,PR_HU_EU,BG,2022,9791.43,
ESTAT:APRO_CPSH1(1.0),08/05/24 23:00:00,A,C0000,PR_HU_EU,BG,2023,10343.47,
ESTAT:APRO_CPSH1(1.0),08/05/24 23:00:00,A,C0000,PR_HU_EU,CH,2006,1002.70,
ESTAT:APRO_CPSH1(1.0),08/05/24 23:00:00,A,C0000,PR_HU_EU,CH,2007,1011.50,
ESTAT:APRO_CPSH1(1.0),08/05/24 23:00:00,A,C0000,PR_HU_EU,CH,2008,1007.90,
ESTAT:APRO_CPSH1(1.0),08/05/24 23:00:00,A,C0000,PR_HU_EU,CH,2009,1005.80,
ESTAT:APRO_CPSH1(1.0),08/05/24 23:00:00,A,C0000,PR_HU_EU,CH,2010,934.32,
ESTAT:APRO_CPSH1(1.0),08/05/24 23:00:00,A,C0000,PR_HU_EU,CH,2011,983.68,
ESTAT:APRO_CPSH1(1.0),08/05/24 23:00:00,A,C0000,PR_HU_EU,CH,2012,932.41,
ESTAT:APRO_CPSH1(1.0),08/05/24 23:00:00,A,C0000,PR_HU_EU,CH,2014,974.63,
ESTAT:APRO_CPSH1(1.0),08/05/24 23:00:00,A,C0000,PR_HU_EU,CH,2015,901.75,
ESTAT:APRO_CPSH1(1.0),08/05/24 23:00:00,A,C0000,PR_HU_EU,CH,2016,752.06,
ESTAT:APRO_CPSH1(1.0),08/05/24 23:00:00,A,C0000,PR_HU_EU,CH,2017,986.72,
ESTAT:APRO_CPSH1(1.0),08/05/24 23:00:00,A,C0000,PR_HU_EU,CH,2018,891.58,
ESTAT:APRO_CPSH1(1.0),08/05/24 23:00:00,A,C0000,PR_HU_EU,CH,2019,942.73,
ESTAT:APRO_CPSH1(1.0),08/05/24 23:00:00,A,C0000,PR_HU_EU,CH,2020,1021.30,
ESTAT:APRO_CPSH1(1.0),08/05/24 23:00:00,A,C0000,PR_HU_EU,CH,2021,791.47,
ESTAT:APRO_CPSH1(1.0),08/05/24 23:00:00,A,C0000,PR_HU_EU,CH,2022,874.19,
ESTAT:APRO_CPSH1(1.0),08/05/24 23:00:00,A,C0000,PR_HU_EU,CH,2023,806.78,
ESTAT:APRO_CPSH1(1.0),08/05/24 23:00:00,A,C0000,PR_HU_EU,CY,2000,48.00,
ESTAT:APRO_CPSH1(1.0),08/05/24 23:00:00,A,C0000,PR_HU_EU,CY,2001,127.40,
ESTAT:APRO_CPSH1(1.0),08/05/24 23:00:00,A,C0000,PR_HU_EU,CY,2002,141.80,
ESTAT:APRO_CPSH1(1.0),08/05/24 23:00:00,A,C0000,PR_HU_EU,CY,2003,164.69,
ESTAT:APRO_CPSH1(1.0),08/05/24 23:00:00,A,C0000,PR_HU_EU,CY,2004,111.41,
ESTAT:APRO_CPSH1(1.0),08/05/24 23:00:00,A,C0000,PR_HU_EU,CY,2005,70.19,
ESTAT:APRO_CPSH1(1.0),08/05/24 23:00:00,A,C0000,PR_HU_EU,CY,2006,66.83,
ESTAT:APRO_CPSH1(1.0),08/05/24 23:00:00,A,C0000,PR_HU_EU,CY,2007,63.53,
ESTAT:APRO_CPSH1(1.0),08/05/24 23:00:00,A,C0000,PR_HU_EU,CY,2008,6.34,
ESTAT:APRO_CPSH1(1.0),08/05/24 23:00:00,A,C0000,PR_HU_EU,CY,2009,56.82,
ESTAT:APRO_CPSH1(1.0),08/05/24 23:00:00,A,C0000,PR_HU_EU,CY,2010,65.73,
ESTAT:APRO_CPSH1(1.0),08/05/24 23:00:00,A,C0000,PR_HU_EU,CY,2011,70.20,
ESTAT:APRO_CPSH1(1.0),08/05/24 23:00:00,A,C0000,PR_HU_EU,CY,2012,90.75,
ESTAT:APRO_CPSH1(1.0),08/05/24 23:00:00,A,C0000,PR_HU_EU,CY,2013,51.92,
ESTAT:APRO_CPSH1(1.0),08/05/24 23:00:00,A,C0000,PR_HU_EU,CY,2014,7.36,
ESTAT:APRO_CPSH1(1.0),08/05/24 23:00:00,A,C0000,PR_HU_EU,CY,2015,88.13,
ESTAT:APRO_CPSH1(1.0),08/05/24 23:00:00,A,C0000,PR_HU_EU,CY,2016,10.42,
ESTAT:APRO_CPSH1(1.0),08/05/24 23:00:00,A,C0000,PR_HU_EU,CY,2017,36.45,
ESTAT:APRO_CPSH1(1.0),08/05/24 23:00:00,A,C0000,PR_HU_EU,CY,2018,24.71,
ESTAT:APRO_CPSH1(1.0),08/05/24 23:00:00,A,C0000,PR_HU_EU,CY,2019,59.03,
ESTAT:APRO_CPSH1(1.0),08/05/24 23:00:00,A,C0000,PR_HU_EU,CY,2020,60.96,
ESTAT:APRO_CPSH1(1.0),08/05/24 23:00:00,A,C0000,PR_HU_EU,CY,2021,52.49,
ESTAT:APRO_CPSH1(1.0),08/05/24 23:00:00,A,C0000,PR_HU_EU,CY,2022,59.58,p
ESTAT:APRO_CPSH1(1.0),08/05/24 23:00:00,A,C0000,PR_HU_EU,CY,2023,46.30,e
ESTAT:APRO_CPSH1(1.0),08/05/24 23:00:00,A,C0000,PR_HU_EU,CZ,2000,6454.20,
ESTAT:APRO_CPSH1(1.0),08/05/24 23:00:00,A,C0000,PR_HU_EU,CZ,2001,7337.60,
ESTAT:APRO_CPSH1(1.0),08/05/24 23:00:00,A,C0000,PR_HU_EU,CZ,2002,6770.80,
ESTAT:APRO_CPSH1(1.0),08/05/24 23:00:00,A,C0000,PR_HU_EU,CZ,2003,5762.40,
ESTAT:APRO_CPSH1(1.0),08/05/24 23:00:00,A,C0000,PR_HU_EU,CZ,2004,8783.80,
ESTAT:APRO_CPSH1(1.0),08/05/24 23:00:00,A,C0000,PR_HU_EU,CZ,2005,7659.85,
ESTAT:APRO_CPSH1(1.0),08/05/24 23:00:00,A,C0000,PR_HU_EU,CZ,2006,6386.10,
ESTAT:APRO_CPSH1(1.0),08/05/24 23:00:00,A,C0000,PR_HU_EU,CZ,2007,7152.90,
ESTAT:APRO_CPSH1(1.0),08/05/24 23:00:00,A,C0000,PR_HU_EU,CZ,2008,8369.50,
ESTAT:APRO_CPSH1(1.0),08/05/24 23:00:00,A,C0000,PR_HU_EU,CZ,2009,7832.00,
ESTAT:APRO_CPSH1(1.0),08/05/24 23:00:00,A,C0000,PR_HU_EU,CZ,2010,6877.62,
ESTAT:APRO_CPSH1(1.0),08/05/24 23:00:00,A,C0000,PR_HU_EU,CZ,2011,8284.81,
ESTAT:APRO_CPSH1(1.0),08/05/24 23:00:00,A,C0000,PR_HU_EU,CZ,2012,6595.49,
ESTAT:APRO_CPSH1(1.0),08/05/24 23:00:00,A,C0000,PR_HU_EU,CZ,2013,7512.61,
ESTAT:APRO_CPSH1(1.0),08/05/24 23:00:00,A,C0000,PR_HU_EU,CZ,2014,8779.30,
ESTAT:APRO_CPSH1(1.0),08/05/24 23:00:00,A,C0000,PR_HU_EU,CZ,2015,8183.51,
ESTAT:APRO_CPSH1(1.0),08/05/24 23:00:00,A,C0000,PR_HU_EU,CZ,2016,8596.41,
ESTAT:APRO_CPSH1(1.0),08/05/24 23:00:00,A,C0000,PR_HU_EU,CZ,2017,7456.78,
ESTAT:APRO_CPSH1(1.0),08/05/24 23:00:00,A,C0000,PR_HU_EU,CZ,2018,6970.92,
ESTAT:APRO_CPSH1(1.0),08/05/24 23:00:00,A,C0000,PR_HU_EU,CZ,2019,7646.15,
ESTAT:APRO_CPSH1(1.0),08/05/24 23:00:00,A,C0000,PR_HU_EU,CZ,2020,8126.66,
ESTAT:APRO_CPSH1(1.0),08/05/24 23:00:00,A,C0000,PR_HU_EU,CZ,2021,8227.11,
ESTAT:APRO_CPSH1(1.0),08/05/24 23:00:00,A,C0000,PR_HU_EU,CZ,2022,8218.42,
ESTAT:APRO_CPSH1(1.0),08/05/24 23:00:00,A,C0000,PR_HU_EU,CZ,2023,7995.52,
ESTAT:APRO_CPSH1(1.0),08/05/24 23:00:00,A,C0000,PR_HU_EU,DE,2000,45271.20,
ESTAT:APRO_CPSH1(1.0),08/05/24 23:00:00,A,C0000,PR_HU_EU,DE,2001,49709.30,
ESTAT:APRO_CPSH1(1.0),08/05/24 23:00:00,A,C0000,PR_HU_EU,DE,2002,43391.30,
ESTAT:APRO_CPSH1(1.0),08/05/24 23:00:00,A,C0000,PR_HU_EU,DE,2003,39426.00,
ESTAT:APRO_CPSH1(1.0),08/05/24 23:00:00,A,C0000,PR_HU_EU,DE,2004,51097.00,
ESTAT:APRO_CPSH1(1.0),08/05/24 23:00:00,A,C0000,PR_HU_EU,DE,2005,45980.20,
ESTAT:APRO_CPSH1(1.0),08/05/24 23:00:00,A,C0000,PR_HU_EU,DE,2006,43474.80,
ESTAT:APRO_CPSH1(1.0),08/05/24 23:00:00,A,C0000,PR_HU_EU,DE,2007,40632.10,
ESTAT:APRO_CPSH1(1.0),08/05/24 23:00:00,A,C0000,PR_HU_EU,DE,2008,50104.90,
ESTAT:APRO_CPSH1(1.0),08/05/24 23:00:00,A,C0000,PR_HU_EU,DE,2009,49748.20,
ESTAT:APRO_CPSH1(1.0),08/05/24 23:00:00,A,C0000,PR_HU_EU,DE,2010,44069.94,
ESTAT:APRO_CPSH1(1.0),08/05/24 23:00:00,A,C0000,PR_HU_EU,DE,2011,41960.40,
ESTAT:APRO_CPSH1(1.0),08/05/24 23:00:00,A,C0000,PR_HU_EU,DE,2012,45441.00,
ESTAT:APRO_CPSH1(1.0),08/05/24 23:00:00,A,C0000,PR_HU_EU,DE,2013,47793.20,
ESTAT:APRO_CPSH1(1.0),08/05/24 23:00:00,A,C0000,PR_HU_EU,DE,2014,52048.20,
ESTAT:APRO_CPSH1(1.0),08/05/24 23:00:00,A,C0000,PR_HU_EU,DE,2015,48917.70,
ESTAT:APRO_CPSH1(1.0),08/05/24 23:00:00,A,C0000,PR_HU_EU,DE,2016,45401.00,
ESTAT:APRO_CPSH1(1.0),08/05/24 23:00:00,A,C0000,PR_HU_EU,DE,2017,45593.20,
ESTAT:APRO_CPSH1(1.0),08/05/24 23:00:00,A,C0000,PR_HU_EU,DE,2018,37974.80,
ESTAT:APRO_CPSH1(1.0),08/05/24 23:00:00,A,C0000,PR_HU_EU,DE,2019,44329.30,
ESTAT:APRO_CPSH1(1.0),08/05/24 23:00:00,A,C0000,PR_HU_EU,DE,2020,43301.20,
ESTAT:APRO_CPSH1(1.0),08/05/24 23:00:00,A,C0000,PR_HU_EU,DE,2021,42397.60,
ESTAT:APRO_CPSH1(1.0),08/05/24 23:00:00,A,C0000,PR_HU_EU,DE,2022,43520.80,
ESTAT:APRO_CPSH1(1.0),08/05/24 23:00:00,A,C0000,PR_HU_EU,DE,2023,42507.70,
ESTAT:APRO_CPSH1(1.0),08/05/24 23:00:00,A,C0000,PR_HU_EU,DK,2000,9412.70,
ESTAT:APRO_CPSH1(1.0),08/05/24 23:00:00,A,C0000,PR_HU_EU,DK,2001,9423.10,
ESTAT:APRO_CPSH1(1.0),08/05/24 23:00:00,A,C0000,PR_HU_EU,DK,2002,8803.70,
ESTAT:APRO_CPSH1(1.0),08/05/24 23:00:00,A,C0000,PR_HU_EU,DK,2003,9050.90,
ESTAT:APRO_CPSH1(1.0),08/05/24 23:00:00,A,C0000,PR_HU_EU,DK,2004,8963.20,
ESTAT:APRO_CPSH1(1.0),08/05/24 23:00:00,A,C0000,PR_HU_EU,DK,2005,9283.10,
ESTAT:APRO_CPSH1(1.0),08/05/24 23:00:00,A,C0000,PR_HU_EU,DK,2006,8632.30,
ESTAT:APRO_CPSH1(1.0),08/05/24 23:00:00,A,C0000,PR_HU_EU,DK,2007,8220.20,
ESTAT:APRO_CPSH1(1.0),08/05/24 23:00:00,A,C0000,PR_HU_EU,DK,2008,9073.50,
ESTAT:APRO_CPSH1(1.0),08/05/24 23:00:00,A,C0000,PR_HU_EU,DK,2009,10116.80,
ESTAT:APRO_CPSH1(1.0),08/05/24 23:00:00,A,C0000,PR_HU_EU,DK,2010,8645.98,
ESTAT:APRO_CPSH1(1.0),08/05/24 23:00:00,A,C0000,PR_HU_EU,DK,2011,8691.25,
ESTAT:APRO_CPSH1(1.0),08/05/24 23:00:00,A,C0000,PR_HU_EU,DK,2012,9350.40,
ESTAT:APRO_CPSH1(1.0),08/05/24 23:00:00,A,C0000,PR_HU_EU,DK,2013,8945.46,
ESTAT:APRO_CPSH1(1.0),08/05/24 23:00:00,A,C0000,PR_HU_EU,DK,2014,9650.86,
ESTAT:APRO_CPSH1(1.0),08/05/24 23:00:00,A,C0000,PR_HU_EU,DK,2015,9907.84,
ESTAT:APRO_CPSH1(1.0),08/05/24 23:00:00,A,C0000,PR_HU_EU,DK,2016,9024.03,
ESTAT:APRO_CPSH1(1.0),08/05/24 23:00:00,A,C0000,PR_HU_EU,DK,2017,9882.96,
ESTAT:APRO_CPSH1(1.0),08/05/24 23:00:00,A,C0000,PR_HU_EU,DK,2018,6923.84,
ESTAT:APRO_CPSH1(1.0),08/05/24 23:00:00,A,C0000,PR_HU_EU,DK,2019,9517.92,
ESTAT:APRO_CPSH1(1.0),08/05/24 23:00:00,A,C0000,PR_HU_EU,DK,2020,9467.62,
ESTAT:APRO_CPSH1(1.0),08/05/24 23:00:00,A,C0000,PR_HU_EU,DK,2021,8640.05,
ESTAT:APRO_CPSH1(1.0),08/05/24 23:00:00,A,C0000,PR_HU_EU,DK,2022,9464.06,
ESTAT:APRO_CPSH1(1.0),08/05/24 23:00:00,A,C0000,PR_HU_EU,DK,2023,7001.95,
ESTAT:APRO_CPSH1(1.0),08/05/24 23:00:00,A,C0000,PR_HU_EU,EE,2000,696.10,
ESTAT:APRO_CPSH1(1.0),08/05/24 23:00:00,A,C0000,PR_HU_EU,EE,2001,558.40,
ESTAT:APRO_CPSH1(1.0),08/05/24 23:00:00,A,C0000,PR_HU_EU,EE,2002,524.70,
ESTAT:APRO_CPSH1(1.0),08/05/24 23:00:00,A,C0000,PR_HU_EU,EE,2003,505.70,
ESTAT:APRO_CPSH1(1.0),08/05/24 23:00:00,A,C0000,PR_HU_EU,EE,2004,607.80,
ESTAT:APRO_CPSH1(1.0),08/05/24 23:00:00,A,C0000,PR_HU_EU,EE,2005,759.70,
ESTAT:APRO_CPSH1(1.0),08/05/24 23:00:00,A,C0000,PR_HU_EU,EE,2006,619.00,
ESTAT:APRO_CPSH1(1.0),08/05/24 23:00:00,A,C0000,PR_HU_EU,EE,2007,879.10,
ESTAT:APRO_CPSH1(1.0),08/05/24 23:00:00,A,C0000,PR_HU_EU,EE,2008,863.80,
ESTAT:APRO_CPSH1(1.0),08/05/24 23:00:00,A,C0000,PR_HU_EU,EE,2009,873.10,
ESTAT:APRO_CPSH1(1.0),08/05/24 23:00:00,A,C0000,PR_HU_EU,EE,2010,678.00,
ESTAT:APRO_CPSH1(1.0),08/05/24 23:00:00,A,C0000,PR_HU_EU,EE,2011,771.20,
ESTAT:APRO_CPSH1(1.0),08/05/24 23:00:00,A,C0000,PR_HU_EU,EE,2012,991.20,
ESTAT:APRO_CPSH1(1.0),08/05/24 23:00:00,A,C0000,PR_HU_EU,EE,2013,975.50,
ESTAT:APRO_CPSH1(1.0),08/05/24 23:00:00,A,C0000,PR_HU_EU,EE,2014,1221.60,
ESTAT:APRO_CPSH1(1.0),08/05/24 23:00:00,A,C0000,PR_HU_EU,EE,2015,1535.30,
ESTAT:APRO_CPSH1(1.0),08/05/24 23:00:00,A,C0000,PR_HU_EU,EE,2016,934.10,
ESTAT:APRO_CPSH1(1.0),08/05/24 23:00:00,A,C0000,PR_HU_EU,EE,2017,1311.90,
ESTAT:APRO_CPSH1(1.0),08/05/24 23:00:00,A,C0000,PR_HU_EU,EE,2018,919.83,
ESTAT:APRO_CPSH1(1.0),08/05/24 23:00:00,A,C0000,PR_HU_EU,EE,2019,1624.58,
ESTAT:APRO_CPSH1(1.0),08/05/24 23:00:00,A,C0000,PR_HU_EU,EE,2020,1632.79,
ESTAT:APRO_CPSH1(1.0),08/05/24 23:00:00,A,C0000,PR_HU_EU,EE,2021,1285.75,
ESTAT:APRO_CPSH1(1.0),08/05/24 23:00:00,A,C0000,PR_HU_EU,EE,2022,1528.55,
ESTAT:APRO_CPSH1(1.0),08/05/24 23:00:00,A,C0000,PR_HU_EU,EE,2023,1200.67,
ESTAT:APRO_CPSH1(1.0),08/05/24 23:00:00,A,C0000,PR_HU_EU,EL,2000,4430.11,
ESTAT:APRO_CPSH1(1.0),08/05/24 23:00:00,A,C0000,PR_HU_EU,EL,2001,4423.99,
ESTAT:APRO_CPSH1(1.0),08/05/24 23:00:00,A,C0000,PR_HU_EU,EL,2002,4437.44,
ESTAT:APRO_CPSH1(1.0),08/05/24 23:00:00,A,C0000,PR_HU_EU,EL,2003,4480.27,
ESTAT:APRO_CPSH1(1.0),08/05/24 23:00:00,A,C0000,PR_HU_EU,EL,2004,4740.63,
ESTAT:APRO_CPSH1(1.0),08/05/24 23:00:00,A,C0000,PR_HU_EU,EL,2005,4611.76,
ESTAT:APRO_CPSH1(1.0),08/05/24 23:00:00,A,C0000,PR_HU_EU,EL,2006,3968.96,
ESTAT:APRO_CPSH1(1.0),08/05/24 23:00:00,A,C0000,PR_HU_EU,EL,2007,4140.65,
ESTAT:APRO_CPSH1(1.0),08/05/24 23:00:00,A,C0000,PR_HU_EU,EL,2008,5282.28,
ESTAT:APRO_CPSH1(1.0),08/05/24 23:00:00,A,C0000,PR_HU_EU,EL,2009,5502.38,
ESTAT:APRO_CPSH1(1.0),08/05/24 23:00:00,A,C0000,PR_HU_EU,EL,2010,4834.29,
ESTAT:APRO_CPSH1(1.0),08/05/24 23:00:00,A,C0000,PR_HU_EU,EL,2011,4997.15,
ESTAT:APRO_CPSH1(1.0),08/05/24 23:00:00,A,C0000,PR_HU_EU,EL,2012,4471.42,
ESTAT:APRO_CPSH1(1.0),08/05/24 23:00:00,A,C0000,PR_HU_EU,EL,2013,4793.52,
ESTAT:APRO_CPSH1(1.0),08/05/24 23:00:00,A,C0000,PR_HU_EU,EL,2014,4565.11,
ESTAT:APRO_CPSH1(1.0),08/05/24 23:00:00,A,C0000,PR_HU_EU,EL,2015,3588.78,
ESTAT:APRO_CPSH1(1.0),08/05/24 23:00:00,A,C0000,PR_HU_EU,EL,2016,3983.13,
ESTAT:APRO_CPSH1(1.0),08/05/24 23:00:00,A,C0000,PR_HU_EU,EL,2017,3015.72,
ESTAT:APRO_CPSH1(1.0),08/05/24 23:00:00,A,C0000,PR_HU_EU,EL,2018,2996.56,
ESTAT:APRO_CPSH1(1.0),08/05/24 23:00:00,A,C0000,PR_HU_EU,EL,2019,2946.78,
ESTAT:APRO_CPSH1(1.0),08/05/24 23:00:00,A,C0000,PR_HU_EU,EL,2020,3108.73,
ESTAT:APRO_CPSH1(1.0),08/05/24 23:00:00,A,C0000,PR_HU_EU,EL,2021,3236.56,
ESTAT:APRO_CPSH1(1.0),08/05/24 23:00:00,A,C0000,PR_HU_EU,EL,2022,3205.86,
ESTAT:APRO_CPSH1(1.0),08/05/24 23:00:00,A,C0000,PR_HU_EU,EL,2023,2310.44,
ESTAT:APRO_CPSH1(1.0),08/05/24 23:00:00,A,C0000,PR_HU_EU,ES,2000,24566.90,
ESTAT:APRO_CPSH1(1.0),08/05/24 23:00:00,A,C0000,PR_HU_EU,ES,2001,18055.40,
ESTAT:APRO_CPSH1(1.0),08/05/24 23:00:00,A,C0000,PR_HU_EU,ES,2002,21682.70,
ESTAT:APRO_CPSH1(1.0),08/05/24 23:00:00,A,C0000,PR_HU_EU,ES,2003,21170.20,
ESTAT:APRO_CPSH1(1.0),08/05/24 23:00:00,A,C0000,PR_HU_EU,ES,2004,24848.60,
ESTAT:APRO_CPSH1(1.0),08/05/24 23:00:00,A,C0000,PR_HU_EU,ES,2005,14325.00,
ESTAT:APRO_CPSH1(1.0),08/05/24 23:00:00,A,C0000,PR_HU_EU,ES,2006,19091.80,
ESTAT:APRO_CPSH1(1.0),08/05/24 23:00:00,A,C0000,PR_HU_EU,ES,2007,24543.70,
ESTAT:APRO_CPSH1(1.0),08/05/24 23:00:00,A,C0000,PR_HU_EU,ES,2008,24179.70,
ESTAT:APRO_CPSH1(1.0),08/05/24 23:00:00,A,C0000,PR_HU_EU,ES,2009,17827.30,
ESTAT:APRO_CPSH1(1.0),08/05/24 23:00:00,A,C0000,PR_HU_EU,ES,2010,19869.15,
ESTAT:APRO_CPSH1(1.0),08/05/24 23:00:00,A,C0000,PR_HU_EU,ES,2011,22094.52,
ESTAT:APRO_CPSH1(1.0),08/05/24 23:00:00,A,C0000,PR_HU_EU,ES,2012,17543.12,
ESTAT:APRO_CPSH1(1.0),08/05/24 23:00:00,A,C0000,PR_HU_EU,ES,2013,25373.44,
ESTAT:APRO_CPSH1(1.0),08/05/24 23:00:00,A,C0000,PR_HU_EU,ES,2014,20564.24,
ESTAT:APRO_CPSH1(1.0),08/05/24 23:00:00,A,C0000,PR_HU_EU,ES,2015,20783.82,
ESTAT:APRO_CPSH1(1.0),08/05/24 23:00:00,A,C0000,PR_HU_EU,ES,2016,24955.45,
ESTAT:APRO_CPSH1(1.0),08/05/24 23:00:00,A,C0000,PR_HU_EU,ES,2017,17188.44,
ESTAT:APRO_CPSH1(1.0),08/05/24 23:00:00,A,C0000,PR_HU_EU,ES,2018,25358.14,
ESTAT:APRO_CPSH1(1.0),08/05/24 23:00:00,A,C0000,PR_HU_EU,ES,2019,20598.15,
ESTAT:APRO_CPSH1(1.0),08/05/24 23:00:00,A,C0000,PR_HU_EU,ES,2020,27329.48,
ESTAT:APRO_CPSH1(1.0),08/05/24 23:00:00,A,C0000,PR_HU_EU,ES,2021,25517.60,
ESTAT:APRO_CPSH1(1.0),08/05/24 23:00:00,A,C0000,PR_HU_EU,ES,2022,19296.30,
ESTAT:APRO_CPSH1(1.0),08/05/24 23:00:00,A,C0000,PR_HU_EU,ES,2023,12458.90,p
ESTAT:APRO_CPSH1(1.0),08/05/24 23:00:00,A,C0000,PR_HU_EU,FI,2000,4089.30,
ESTAT:APRO_CPSH1(1.0),08/05/24 23:00:00,A,C0000,PR_HU_EU,FI,2001,3661.00,
ESTAT:APRO_CPSH1(1.0),08/05/24 23:00:00,A,C0000,PR_HU_EU,FI,2002,3939.40,
ESTAT:APRO_CPSH1(1.0),08/05/24 23:00:00,A,C0000,PR_HU_EU,FI,2003,3782.80,
ESTAT:APRO_CPSH1(1.0),08/05/24 23:00:00,A,C0000,PR_HU_EU,FI,2004,3618.70,
ESTAT:APRO_CPSH1(1.0),08/05/24 23:00:00,A,C0000,PR_HU_EU,FI,2005,4058.30,
ESTAT:APRO_CPSH1(1.0),08/05/24 23:00:00,A,C0000,PR_HU_EU,FI,2006,3790.00,
ESTAT:APRO_CPSH1(1.0),08/05/24 23:00:00,A,C0000,PR_HU_EU,FI,2007,4137.30,
ESTAT:APRO_CPSH1(1.0),08/05/24 23:00:00,A,C0000,PR_HU_EU,FI,2008,4229.10,
ESTAT:APRO_CPSH1(1.0),08/05/24 23:00:00,A,C0000,PR_HU_EU,FI,2009,4310.45,
ESTAT:APRO_CPSH1(1.0),08/05/24 23:00:00,A,C0000,PR_HU_EU,FI,2010,3034.49,
ESTAT:APRO_CPSH1(1.0),08/05/24 23:00:00,A,C0000,PR_HU_EU,FI,2011,3714.71,
ESTAT:APRO_CPSH1(1.0),08/05/24 23:00:00,A,C0000,PR_HU_EU,FI,2012,3701.24,
ESTAT:APRO_CPSH1(1.0),08/05/24 23:00:00,A,C0000,PR_HU_EU,FI,2013,4119.49,
ESTAT:APRO_CPSH1(1.0),08/05/24 23:00:00,A,C0000,PR_HU_EU,FI,2014,4180.60,
ESTAT:APRO_CPSH1(1.0),08/05/24 23:00:00,A,C0000,PR_HU_EU,FI,2015,3729.91,
ESTAT:APRO_CPSH1(1.0),08/05/24 23:00:00,A,C0000,PR_HU_EU,FI,2016,3609.38,
ESTAT:APRO_CPSH1(1.0),08/05/24 23:00:00,A,C0000,PR_HU_EU,FI,2017,3462.12,
ESTAT:APRO_CPSH1(1.0),08/05/24 23:00:00,A,C0000,PR_HU_EU,FI,2018,2768.19,
ESTAT:APRO_CPSH1(1.0),08/05/24 23:00:00,A,C0000,PR_HU_EU,FI,2019,4035.19,
ESTAT:APRO_CPSH1(1.0),08/05/24 23:00:00,A,C0000,PR_HU_EU,FI,2020,3415.79,
ESTAT:APRO_CPSH1(1.0),08/05/24 23:00:00,A,C0000,PR_HU_EU,FI,2021,2648.69,
ESTAT:APRO_CPSH1(1.0),08/05/24 23:00:00,A,C0000,PR_HU_EU,FI,2022,3590.05,
ESTAT:APRO_CPSH1(1.0),08/05/24 23:00:00,A,C0000,PR_HU_EU,FI,2023,3006.57,
ESTAT:APRO_CPSH1(1.0),08/05/24 23:00:00,A,C0000,PR_HU_EU,FR,2000,64934.47,
ESTAT:APRO_CPSH1(1.0),08/05/24 23:00:00,A,C0000,PR_HU_EU,FR,2001,59545.47,
ESTAT:APRO_CPSH1(1.0),08/05/24 23:00:00,A,C0000,PR_HU_EU,FR,2002,68850.89,
ESTAT:APRO_CPSH1(1.0),08/05/24 23:00:00,A,C0000,PR_HU_EU,FR,2003,54342.67,
ESTAT:APRO_CPSH1(1.0),08/05/24 23:00:00,A,C0000,PR_HU_EU,FR,2004,69676.87,
ESTAT:APRO_CPSH1(1.0),08/05/24 23:00:00,A,C0000,PR_HU_EU,FR,2005,63334.98,
ESTAT:APRO_CPSH1(1.0),08/05/24 23:00:00,A,C0000,PR_HU_EU,FR,2006,60990.37,
ESTAT:APRO_CPSH1(1.0),08/05/24 23:00:00,A,C0000,PR_HU_EU,FR,2007,58778.39,
ESTAT:APRO_CPSH1(1.0),08/05/24 23:00:00,A,C0000,PR_HU_EU,FR,2008,69429.19,
ESTAT:APRO_CPSH1(1.0),08/05/24 23:00:00,A,C0000,PR_HU_EU,FR,2009,69185.95,
ESTAT:APRO_CPSH1(1.0),08/05/24 23:00:00,A,C0000,PR_HU_EU,FR,2010,64743.97,
ESTAT:APRO_CPSH1(1.0),08/05/24 23:00:00,A,C0000,PR_HU_EU,FR,2011,63083.33,
ESTAT:APRO_CPSH1(1.0),08/05/24 23:00:00,A,C0000,PR_HU_EU,FR,2012,67403.75,
ESTAT:APRO_CPSH1(1.0),08/05/24 23:00:00,A,C0000,PR_HU_EU,FR,2013,66559.83,
ESTAT:APRO_CPSH1(1.0),08/05/24 23:00:00,A,C0000,PR_HU_EU,FR,2014,71588.80,
ESTAT:APRO_CPSH1(1.0),08/05/24 23:00:00,A,C0000,PR_HU_EU,FR,2015,71870.79,
ESTAT:APRO_CPSH1(1.0),08/05/24 23:00:00,A,C0000,PR_HU_EU,FR,2016,53560.42,
ESTAT:APRO_CPSH1(1.0),08/05/24 23:00:00,A,C0000,PR_HU_EU,FR,2017,67728.63,
ESTAT:APRO_CPSH1(1.0),08/05/24 23:00:00,A,C0000,PR_HU_EU,FR,2018,61840.31,
ESTAT:APRO_CPSH1(1.0),08/05/24 23:00:00,A,C0000,PR_HU_EU,FR,2019,70379.86,
ESTAT:APRO_CPSH1(1.0),08/05/24 23:00:00,A,C0000,PR_HU_EU,FR,2020,57086.04,b
ESTAT:APRO_CPSH1(1.0),08/05/24 23:00:00,A,C0000,PR_HU_EU,FR,2021,66877.88,
ESTAT:APRO_CPSH1(1.0),08/05/24 23:00:00,A,C0000,PR_HU_EU,FR,2022,59928.23,
ESTAT:APRO_CPSH1(1.0),08/05/24 23:00:00,A,C0000,PR_HU_EU,FR,2023,63800.96,
ESTAT:APRO_CPSH1(1.0),08/05/24 23:00:00,A,C0000,PR_HU_EU,HR,2000,2338.78,
ESTAT:APRO_CPSH1(1.0),08/05/24 23:00:00,A,C0000,PR_HU_EU,HR,2001,2861.92,
ESTAT:APRO_CPSH1(1.0),08/05/24 23:00:00,A,C0000,PR_HU_EU,HR,2002,3116.05,
ESTAT:APRO_CPSH1(1.0),08/05/24 23:00:00,A,C0000,PR_HU_EU,HR,2003,2037.25,
ESTAT:APRO_CPSH1(1.0),08/05/24 23:00:00,A,C0000,PR_HU_EU,HR,2004,3103.15,
ESTAT:APRO_CPSH1(1.0),08/05/24 23:00:00,A,C0000,PR_HU_EU,HR,2005,3074.18,
ESTAT:APRO_CPSH1(1.0),08/05/24 23:00:00,A,C0000,PR_HU_EU,HR,2006,3062.55,
ESTAT:APRO_CPSH1(1.0),08/05/24 23:00:00,A,C0000,PR_HU_EU,HR,2007,2554.04,
ESTAT:APRO_CPSH1(1.0),08/05/24 23:00:00,A,C0000,PR_HU_EU,HR,2008,3756.17,
ESTAT:APRO_CPSH1(1.0),08/05/24 23:00:00,A,C0000,PR_HU_EU,HR,2009,3469.05,
ESTAT:APRO_CPSH1(1.0),08/05/24 23:00:00,A,C0000,PR_HU_EU,HR,2010,3008.19,
ESTAT:APRO_CPSH1(1.0),08/05/24 23:00:00,A,C0000,PR_HU_EU,HR,2011,2824.82,
ESTAT:APRO_CPSH1(1.0),08/05/24 23:00:00,A,C0000,PR_HU_EU,HR,2012,2662.80,
ESTAT:APRO_CPSH1(1.0),08/05/24 23:00:00,A,C0000,PR_HU_EU,HR,2013,3176.53,
ESTAT:APRO_CPSH1(1.0),08/05/24 23:00:00,A,C0000,PR_HU_EU,HR,2014,2967.60,
ESTAT:APRO_CPSH1(1.0),08/05/24 23:00:00,A,C0000,PR_HU_EU,HR,2015,2773.95,
ESTAT:APRO_CPSH1(1.0),08/05/24 23:00:00,A,C0000,PR_HU_EU,HR,2016,3554.43,
ESTAT:APRO_CPSH1(1.0),08/05/24 23:00:00,A,C0000,PR_HU_EU,HR,2017,2678.79,
ESTAT:APRO_CPSH1(1.0),08/05/24 23:00:00,A,C0000,PR_HU_EU,HR,2018,3268.48,
ESTAT:APRO_CPSH1(1.0),08/05/24 23:00:00,A,C0000,PR_HU_EU,HR,2019,3540.05,
ESTAT:APRO_CPSH1(1.0),08/05/24 23:00:00,A,C0000,PR_HU_EU,HR,2020,3774.57,
ESTAT:APRO_CPSH1(1.0),08/05/24 23:00:00,A,C0000,PR_HU_EU,HR,2021,3671.23,
ESTAT:APRO_CPSH1(1.0),08/05/24 23:00:00,A,C0000,PR_HU_EU,HR,2022,3042.90,
ESTAT:APRO_CPSH1(1.0),08/05/24 23:00:00,A,C0000,PR_HU_EU,HR,2023,3182.18,
ESTAT:APRO_CPSH1(1.0),08/05/24 23:00:00,A,C0000,PR_HU_EU,HU,2000,10036.40,
ESTAT:APRO_CPSH1(1.0),08/05/24 23:00:00,A,C0000,PR_HU_EU,HU,2001,15046.90,
ESTAT:APRO_CPSH1(1.0),08/05/24 23:00:00,A,C0000,PR_HU_EU,HU,2002,11705.70,
ESTAT:APRO_CPSH1(1.0),08/05/24 23:00:00,A,C0000,PR_HU_EU,HU,2003,8769.60,
ESTAT:APRO_CPSH1(1.0),08/05/24 23:00:00,A,C0000,PR_HU_EU,HU,2004,16779.30,
ESTAT:APRO_CPSH1(1.0),08/05/24 23:00:00,A,C0000,PR_HU_EU,HU,2005,16212.50,
ESTAT:APRO_CPSH1(1.0),08/05/24 23:00:00,A,C0000,PR_HU_EU,HU,2006,14467.40,
ESTAT:APRO_CPSH1(1.0),08/05/24 23:00:00,A,C0000,PR_HU_EU,HU,2007,9652.90,
ESTAT:APRO_CPSH1(1.0),08/05/24 23:00:00,A,C0000,PR_HU_EU,HU,2008,16840.60,
ESTAT:APRO_CPSH1(1.0),08/05/24 23:00:00,A,C0000,PR_HU_EU,HU,2009,13590.40,
ESTAT:APRO_CPSH1(1.0),08/05/24 23:00:00,A,C0000,PR_HU_EU,HU,2010,12262.00,
ESTAT:APRO_CPSH1(1.0),08/05/24 23:00:00,A,C0000,PR_HU_EU,HU,2011,13678.21,
ESTAT:APRO_CPSH1(1.0),08/05/24 23:00:00,A,C0000,PR_HU_EU,HU,2012,10372.74,
ESTAT:APRO_CPSH1(1.0),08/05/24 23:00:00,A,C0000,PR_HU_EU,HU,2013,13609.91,
ESTAT:APRO_CPSH1(1.0),08/05/24 23:00:00,A,C0000,PR_HU_EU,HU,2014,16559.29,
ESTAT:APRO_CPSH1(1.0),08/05/24 23:00:00,A,C0000,PR_HU_EU,HU,2015,14107.34,
ESTAT:APRO_CPSH1(1.0),08/05/24 23:00:00,A,C0000,PR_HU_EU,HU,2016,16594.35,
ESTAT:APRO_CPSH1(1.0),08/05/24 23:00:00,A,C0000,PR_HU_EU,HU,2017,13979.39,
ESTAT:APRO_CPSH1(1.0),08/05/24 23:00:00,A,C0000,PR_HU_EU,HU,2018,14890.26,
ESTAT:APRO_CPSH1(1.0),08/05/24 23:00:00,A,C0000,PR_HU_EU,HU,2019,15643.37,
ESTAT:APRO_CPSH1(1.0),08/05/24 23:00:00,A,C0000,PR_HU_EU,HU,2020,15561.08,
ESTAT:APRO_CPSH1(1.0),08/05/24 23:00:00,A,C0000,PR_HU_EU,HU,2021,13969.54,
ESTAT:APRO_CPSH1(1.0),08/05/24 23:00:00,A,C0000,PR_HU_EU,HU,2022,9055.71,
ESTAT:APRO_CPSH1(1.0),08/05/24 23:00:00,A,C0000,PR_HU_EU,HU,2023,15082.14,
ESTAT:APRO_CPSH1(1.0),08/05/24 23:00:00,A,C0000,PR_HU_EU,IE,2000,2047.66,
ESTAT:APRO_CPSH1(1.0),08/05/24 23:00:00,A,C0000,PR_HU_EU,IE,2001,2045.99,
ESTAT:APRO_CPSH1(1.0),08/05/24 23:00:00,A,C0000,PR_HU_EU,IE,2002,1845.33,
ESTAT:APRO_CPSH1(1.0),08/05/24 23:00:00,A,C0000,PR_HU_EU,IE,2003,2052.06,
ESTAT:APRO_CPSH1(1.0),08/05/24 23:00:00,A,C0000,PR_HU_EU,IE,2004,2364.43,
ESTAT:APRO_CPSH1(1.0),08/05/24 23:00:00,A,C0000,PR_HU_EU,IE,2005,1859.73,
ESTAT:APRO_CPSH1(1.0),08/05/24 23:00:00,A,C0000,PR_HU_EU,IE,2006,2006.11,
ESTAT:APRO_CPSH1(1.0),08/05/24 23:00:00,A,C0000,PR_HU_EU,IE,2007,1880.35,
ESTAT:APRO_CPSH1(1.0),08/05/24 23:00:00,A,C0000,PR_HU_EU,IE,2008,2258.92,b
ESTAT:APRO_CPSH1(1.0),08/05/24 23:00:00,A,C0000,PR_HU_EU,IE,2009,1940.52,
ESTAT:APRO_CPSH1(1.0),08/05/24 23:00:00,A,C0000,PR_HU_EU,IE,2010,1955.14,
ESTAT:APRO_CPSH1(1.0),08/05/24 23:00:00,A,C0000,PR_HU_EU,IE,2011,2383.02,
ESTAT:APRO_CPSH1(1.0),08/05/24 23:00:00,A,C0000,PR_HU_EU,IE,2012,1995.96,
ESTAT:APRO_CPSH1(1.0),08/05/24 23:00:00,A,C0000,PR_HU_EU,IE,2013,2309.01,
ESTAT:APRO_CPSH1(1.0),08/05/24 23:00:00,A,C0000,PR_HU_EU,IE,2014,2491.52,
ESTAT:APRO_CPSH1(1.0),08/05/24 23:00:00,A,C0000,PR_HU_EU,IE,2015,2497.93,
ESTAT:APRO_CPSH1(1.0),08/05/24 23:00:00,A,C0000,PR_HU_EU,IE,2016,2184.32,
ESTAT:APRO_CPSH1(1.0),08/05/24 23:00:00,A,C0000,PR_HU_EU,IE,2017,2259.53,
ESTAT:APRO_CPSH1(1.0),08/05/24 23:00:00,A,C0000,PR_HU_EU,IE,2018,1784.91,
ESTAT:APRO_CPSH1(1.0),08/05/24 23:00:00,A,C0000,PR_HU_EU,IE,2019,2268.00,
ESTAT:APRO_CPSH1(1.0),08/05/24 23:00:00,A,C0000,PR_HU_EU,IE,2020,1892.63,
ESTAT:APRO_CPSH1(1.0),08/05/24 23:00:00,A,C0000,PR_HU_EU,IE,2021,2363.97,
ESTAT:APRO_CPSH1(1.0),08/05/24 23:00:00,A,C0000,PR_HU_EU,IE,2022,2485.69,
ESTAT:APRO_CPSH1(1.0),08/05/24 23:00:00,A,C0000,PR_HU_EU,IE,2023,1908.64,
ESTAT:APRO_CPSH1(1.0),08/05/24 23:00:00,A,C0000,PR_HU_EU,IS,2011,11.16,
ESTAT:APRO_CPSH1(1.0),08/05/24 23:00:00,A,C0000,PR_HU_EU,IS,2012,16.20,
ESTAT:APRO_CPSH1(1.0),08/05/24 23:00:00,A,C0000,PR_HU_EU,IS,2016,6.00,
ESTAT:APRO_CPSH1(1.0),08/05/24 23:00:00,A,C0000,PR_HU_EU,IS,2017,8.00,
ESTAT:APRO_CPSH1(1.0),08/05/24 23:00:00,A,C0000,PR_HU_EU,IS,2018,3.95,
ESTAT:APRO_CPSH1(1.0),08/05/24 23:00:00,A,C0000,PR_HU_EU,IS,2019,4.94,
ESTAT:APRO_CPSH1(1.0),08/05/24 23:00:00,A,C0000,PR_HU_EU,IS,2020,7.22,
ESTAT:APRO_CPSH1(1.0),08/05/24 23:00:00,A,C0000,PR_HU_EU,IS,2021,7.41,
ESTAT:APRO_CPSH1(1.0),08/05/24 23:00:00,A,C0000,PR_HU_EU,IS,2022,9.29,
ESTAT:APRO_CPSH1(1.0),08/05/24 23:00:00,A,C0000,PR_HU_EU,IS,2023,8.90,e
ESTAT:APRO_CPSH1(1.0),08/05/24 23:00:00,A,C0000,PR_HU_EU,IT,2000,20622.20,
ESTAT:APRO_CPSH1(1.0),08/05/24 23:00:00,A,C0000,PR_HU_EU,IT,2001,19933.20,
ESTAT:APRO_CPSH1(1.0),08/05/24 23:00:00,A,C0000,PR_HU_EU,IT,2002,21256.10,
ESTAT:APRO_CPSH1(1.0),08/05/24 23:00:00,A,C0000,PR_HU_EU,IT,2003,17864.10,
ESTAT:APRO_CPSH1(1.0),08/05/24 23:00:00,A,C0000,PR_HU_EU,IT,2004,23294.20,
ESTAT:APRO_CPSH1(1.0),08/05/24 23:00:00,A,C0000,PR_HU_EU,IT,2005,21505.10,
ESTAT:APRO_CPSH1(1.0),08/05/24 23:00:00,A,C0000,PR_HU_EU,IT,2006,20206.60,
ESTAT:APRO_CPSH1(1.0),08/05/24 23:00:00,A,C0000,PR_HU_EU,IT,2007,20303.70,
ESTAT:APRO_CPSH1(1.0),08/05/24 23:00:00,A,C0000,PR_HU_EU,IT,2008,21847.93,
ESTAT:APRO_CPSH1(1.0),08/05/24 23:00:00,A,C0000,PR_HU_EU,IT,2009,17562.91,
ESTAT:APRO_CPSH1(1.0),08/05/24 23:00:00,A,C0000,PR_HU_EU,IT,2010,20960.33,
ESTAT:APRO_CPSH1(1.0),08/05/24 23:00:00,A,C0000,PR_HU_EU,IT,2011,17923.47,
ESTAT:APRO_CPSH1(1.0),08/05/24 23:00:00,A,C0000,PR_HU_EU,IT,2012,18958.76,
ESTAT:APRO_CPSH1(1.0),08/05/24 23:00:00,A,C0000,PR_HU_EU,IT,2013,18597.75,
ESTAT:APRO_CPSH1(1.0),08/05/24 23:00:00,A,C0000,PR_HU_EU,IT,2014,19769.47,
ESTAT:APRO_CPSH1(1.0),08/05/24 23:00:00,A,C0000,PR_HU_EU,IT,2015,17462.24,
ESTAT:APRO_CPSH1(1.0),08/05/24 23:00:00,A,C0000,PR_HU_EU,IT,2016,18363.10,
ESTAT:APRO_CPSH1(1.0),08/05/24 23:00:00,A,C0000,PR_HU_EU,IT,2017,16554.95,
ESTAT:APRO_CPSH1(1.0),08/05/24 23:00:00,A,C0000,PR_HU_EU,IT,2018,16615.46,
ESTAT:APRO_CPSH1(1.0),08/05/24 23:00:00,A,C0000,PR_HU_EU,IT,2019,16433.50,
ESTAT:APRO_CPSH1(1.0),08/05/24 23:00:00,A,C0000,PR_HU_EU,IT,2020,17022.90,
ESTAT:APRO_CPSH1(1.0),08/05/24 23:00:00,A,C0000,PR_HU_EU,IT,2021,16632.66,
ESTAT:APRO_CPSH1(1.0),08/05/24 23:00:00,A,C0000,PR_HU_EU,IT,2022,14337.92,
ESTAT:APRO_CPSH1(1.0),08/05/24 23:00:00,A,C0000,PR_HU_EU,LT,2000,2657.70,
ESTAT:APRO_CPSH1(1.0),08/05/24 23:00:00,A,C0000,PR_HU_EU,LT,2001,2345.30,
ESTAT:APRO_CPSH1(1.0),08/05/24 23:00:00,A,C0000,PR_HU_EU,LT,2002,2539.10,
ESTAT:APRO_CPSH1(1.0),08/05/24 23:00:00,A,C0000,PR_HU_EU,LT,2003,2631.80,
ESTAT:APRO_CPSH1(1.0),08/05/24 23:00:00,A,C0000,PR_HU_EU,LT,2004,2859.40,
ESTAT:APRO_CPSH1(1.0),08/05/24 23:00:00,A,C0000,PR_HU_EU,LT,2005,2811.10,
ESTAT:APRO_CPSH1(1.0),08/05/24 23:00:00,A,C0000,PR_HU_EU,LT,2006,1857.80,
ESTAT:APRO_CPSH1(1.0),08/05/24 23:00:00,A,C0000,PR_HU_EU,LT,2007,3017.00,
ESTAT:APRO_CPSH1(1.0),08/05/24 23:00:00,A,C0000,PR_HU_EU,LT,2008,3421.90,
ESTAT:APRO_CPSH1(1.0),08/05/24 23:00:00,A,C0000,PR_HU_EU,LT,2009,3806.60,
ESTAT:APRO_CPSH1(1.0),08/05/24 23:00:00,A,C0000,PR_HU_EU,LT,2010,2796.70,
ESTAT:APRO_CPSH1(1.0),08/05/24 23:00:00,A,C0000,PR_HU_EU,LT,2011,3225.90,
ESTAT:APRO_CPSH1(1.0),08/05/24 23:00:00,A,C0000,PR_HU_EU,LT,2012,4656.60,
ESTAT:APRO_CPSH1(1.0),08/05/24 23:00:00,A,C0000,PR_HU_EU,LT,2013,4474.80,
ESTAT:APRO_CPSH1(1.0),08/05/24 23:00:00,A,C0000,PR_HU_EU,LT,2014,5123.20,
ESTAT:APRO_CPSH1(1.0),08/05/24 23:00:00,A,C0000,PR_HU_EU,LT,2015,6085.05,
ESTAT:APRO_CPSH1(1.0),08/05/24 23:00:00,A,C0000,PR_HU_EU,LT,2016,5120.82,
ESTAT:APRO_CPSH1(1.0),08/05/24 23:00:00,A,C0000,PR_HU_EU,LT,2017,5074.19,
ESTAT:APRO_CPSH1(1.0),08/05/24 23:00:00,A,C0000,PR_HU_EU,LT,2018,3999.50,
ESTAT:APRO_CPSH1(1.0),08/05/24 23:00:00,A,C0000,PR_HU_EU,LT,2019,5207.89,
ESTAT:APRO_CPSH1(1.0),08/05/24 23:00:00,A,C0000,PR_HU_EU,LT,2020,6544.69,
ESTAT:APRO_CPSH1(1.0),08/05/24 23:00:00,A,C0000,PR_HU_EU,LT,2021,5340.82,
ESTAT:APRO_CPSH1(1.0),08/05/24 23:00:00,A,C0000,PR_HU_EU,LT,2022,5623.66,
ESTAT:APRO_CPSH1(1.0),08/05/24 23:00:00,A,C0000,PR_HU_EU,LT,2023,5580.94,
ESTAT:APRO_CPSH1(1.0),08/05/24 23:00:00,A,C0000,PR_HU_EU,LU,2000,152.18,
ESTAT:APRO_CPSH1(1.0),08/05/24 23:00:00,A,C0000,PR_HU_EU,LU,2001,143.71,
ESTAT:APRO_CPSH1(1.0),08/05/24 23:00:00,A,C0000,PR_HU_EU,LU,2002,168.11,
ESTAT:APRO_CPSH1(1.0),08/05/24 23:00:00,A,C0000,PR_HU_EU,LU,2003,163.43,
ESTAT:APRO_CPSH1(1.0),08/05/24 23:00:00,A,C0000,PR_HU_EU,LU,2004,178.27,
ESTAT:APRO_CPSH1(1.0),08/05/24 23:00:00,A,C0000,PR_HU_EU,LU,2005,159.95,
ESTAT:APRO_CPSH1(1.0),08/05/24 23:00:00,A,C0000,PR_HU_EU,LU,2006,163.47,
ESTAT:APRO_CPSH1(1.0),08/05/24 23:00:00,A,C0000,PR_HU_EU,LU,2007,147.42,
ESTAT:APRO_CPSH1(1.0),08/05/24 23:00:00,A,C0000,PR_HU_EU,LU,2008,186.83,
ESTAT:APRO_CPSH1(1.0),08/05/24 23:00:00,A,C0000,PR_HU_EU,LU,2009,188.51,
ESTAT:APRO_CPSH1(1.0),08/05/24 23:00:00,A,C0000,PR_HU_EU,LU,2010,164.48,
ESTAT:APRO_CPSH1(1.0),08/05/24 23:00:00,A,C0000,PR_HU_EU,LU,2011,147.64,
ESTAT:APRO_CPSH1(1.0),08/05/24 23:00:00,A,C0000,PR_HU_EU,LU,2012,152.80,
ESTAT:APRO_CPSH1(1.0),08/05/24 23:00:00,A,C0000,PR_HU_EU,LU,2013,172.82,
ESTAT:APRO_CPSH1(1.0),08/05/24 23:00:00,A,C0000,PR_HU_EU,LU,2014,167.07,
ESTAT:APRO_CPSH1(1.0),08/05/24 23:00:00,A,C0000,PR_HU_EU,LU,2015,178.57,
ESTAT:APRO_CPSH1(1.0),08/05/24 23:00:00,A,C0000,PR_HU_EU,LU,2016,139.43,
ESTAT:APRO_CPSH1(1.0),08/05/24 23:00:00,A,C0000,PR_HU_EU,LU,2017,149.81,
ESTAT:APRO_CPSH1(1.0),08/05/24 23:00:00,A,C0000,PR_HU_EU,LU,2018,157.65,
ESTAT:APRO_CPSH1(1.0),08/05/24 23:00:00,A,C0000,PR_HU_EU,LU,2019,163.56,
ESTAT:APRO_CPSH1(1.0),08/05/24 23:00:00,A,C0000,PR_HU_EU,LU,2020,146.17,
ESTAT:APRO_CPSH1(1.0),08/05/24 23:00:00,A,C0000,PR_HU_EU,LU,2021,147.17,
ESTAT:APRO_CPSH1(1.0),08/05/24 23:00:00,A,C0000,PR_HU_EU,LU,2022,170.66,
ESTAT:APRO_CPSH1(1.0),08/05/24 23:00:00,A,C0000,PR_HU_EU,LU,2023,148.00,
ESTAT:APRO_CPSH1(1.0),08/05/24 23:00:00,A,C0000,PR_HU_EU,LV,2000,923.60,
ESTAT:APRO_CPSH1(1.0),08/05/24 23:00:00,A,C0000,PR_HU_EU,LV,2001,928.00,
ESTAT:APRO_CPSH1(1.0),08/05/24 23:00:00,A,C0000,PR_HU_EU,LV,2002,1028.50,
ESTAT:APRO_CPSH1(1.0),08/05/24 23:00:00,A,C0000,PR_HU_EU,LV,2003,932.40,
ESTAT:APRO_CPSH1(1.0),08/05/24 23:00:00,A,C0000,PR_HU_EU,LV,2004,1059.50,
ESTAT:APRO_CPSH1(1.0),08/05/24 23:00:00,A,C0000,PR_HU_EU,LV,2005,1314.30,
ESTAT:APRO_CPSH1(1.0),08/05/24 23:00:00,A,C0000,PR_HU_EU,LV,2006,1158.70,
ESTAT:APRO_CPSH1(1.0),08/05/24 23:00:00,A,C0000,PR_HU_EU,LV,2007,1535.20,
ESTAT:APRO_CPSH1(1.0),08/05/24 23:00:00,A,C0000,PR_HU_EU,LV,2008,1689.40,
ESTAT:APRO_CPSH1(1.0),08/05/24 23:00:00,A,C0000,PR_HU_EU,LV,2009,1663.10,
ESTAT:APRO_CPSH1(1.0),08/05/24 23:00:00,A,C0000,PR_HU_EU,LV,2010,1435.50,
ESTAT:APRO_CPSH1(1.0),08/05/24 23:00:00,A,C0000,PR_HU_EU,LV,2011,1412.00,
ESTAT:APRO_CPSH1(1.0),08/05/24 23:00:00,A,C0000,PR_HU_EU,LV,2012,2124.50,
ESTAT:APRO_CPSH1(1.0),08/05/24 23:00:00,A,C0000,PR_HU_EU,LV,2013,1948.70,
ESTAT:APRO_CPSH1(1.0),08/05/24 23:00:00,A,C0000,PR_HU_EU,LV,2014,2227.20,
ESTAT:APRO_CPSH1(1.0),08/05/24 23:00:00,A,C0000,PR_HU_EU,LV,2015,3021.50,
ESTAT:APRO_CPSH1(1.0),08/05/24 23:00:00,A,C0000,PR_HU_EU,LV,2016,2703.20,
ESTAT:APRO_CPSH1(1.0),08/05/24 23:00:00,A,C0000,PR_HU_EU,LV,2017,2692.50,
ESTAT:APRO_CPSH1(1.0),08/05/24 23:00:00,A,C0000,PR_HU_EU,LV,2018,2057.30,
ESTAT:APRO_CPSH1(1.0),08/05/24 23:00:00,A,C0000,PR_HU_EU,LV,2019,3163.20,
ESTAT:APRO_CPSH1(1.0),08/05/24 23:00:00,A,C0000,PR_HU_EU,LV,2020,3497.10,
ESTAT:APRO_CPSH1(1.0),08/05/24 23:00:00,A,C0000,PR_HU_EU,LV,2021,2994.60,
ESTAT:APRO_CPSH1(1.0),08/05/24 23:00:00,A,C0000,PR_HU_EU,LV,2022,3243.70,
ESTAT:APRO_CPSH1(1.0),08/05/24 23:00:00,A,C0000,PR_HU_EU,LV,2023,2715.90,
ESTAT:APRO_CPSH1(1.0),08/05/24 23:00:00,A,C0000,PR_HU_EU,ME,2007,2.42,
ESTAT:APRO_CPSH1(1.0),08/05/24 23:00:00,A,C0000,PR_HU_EU,ME,2008,4.03,
ESTAT:APRO_CPSH1(1.0),08/05/24 23:00:00,A,C0000,PR_HU_EU,ME,2009,4.28,
ESTAT:APRO_CPSH1(1.0),08/05/24 23:00:00,A,C0000,PR_HU_EU,ME,2010,3.98,
ESTAT:APRO_CPSH1(1.0),08/05/24 23:00:00,A,C0000,PR_HU_EU,ME,2011,6.57,
ESTAT:APRO_CPSH1(1.0),08/05/24 23:00:00,A,C0000,PR_HU_EU,ME,2012,5.14,
ESTAT:APRO_CPSH1(1.0),08/05/24 23:00:00,A,C0000,PR_HU_EU,ME,2013,8.08,
ESTAT:APRO_CPSH1(1.0),08/05/24 23:00:00,A,C0000,PR_HU_EU,ME,2014,8.01,
ESTAT:APRO_CPSH1(1.0),08/05/24 23:00:00,A,C0000,PR_HU_EU,ME,2015,7.09,
ESTAT:APRO_CPSH1(1.0),08/05/24 23:00:00,A,C0000,PR_HU_EU,ME,2016,7.69,p
ESTAT:APRO_CPSH1(1.0),08/05/24 23:00:00,A,C0000,PR_HU_EU,ME,2017,7.87,p
ESTAT:APRO_CPSH1(1.0),08/05/24 23:00:00,A,C0000,PR_HU_EU,ME,2018,8.02,p
ESTAT:APRO_CPSH1(1.0),08/05/24 23:00:00,A,C0000,PR_HU_EU,ME,2019,7.58,p
ESTAT:APRO_CPSH1(1.0),08/05/24 23:00:00,A,C0000,PR_HU_EU,ME,2020,7.28,p
ESTAT:APRO_CPSH1(1.0),08/05/24 23:00:00,A,C0000,PR_HU_EU,ME,2021,7.10,p
ESTAT:APRO_CPSH1(1.0),08/05/24 23:00:00,A,C0000,PR_HU_EU,ME,2022,7.20,p
ESTAT:APRO_CPSH1(1.0),08/05/24 23:00:00,A,C0000,PR_HU_EU,MK,2000,565.50,
ESTAT:APRO_CPSH1(1.0),08/05/24 23:00:00,A,C0000,PR_HU_EU,MK,2001,476.00,
ESTAT:APRO_CPSH1(1.0),08/05/24 23:00:00,A,C0000,PR_HU_EU,MK,2002,556.00,
ESTAT:APRO_CPSH1(1.0),08/05/24 23:00:00,A,C0000,PR_HU_EU,MK,2003,466.40,
ESTAT:APRO_CPSH1(1.0),08/05/24 23:00:00,A,C0000,PR_HU_EU,MK,2004,676.60,
ESTAT:APRO_CPSH1(1.0),08/05/24 23:00:00,A,C0000,PR_HU_EU,MK,2005,648.28,
ESTAT:APRO_CPSH1(1.0),08/05/24 23:00:00,A,C0000,PR_HU_EU,MK,2006,602.17,
ESTAT:APRO_CPSH1(1.0),08/05/24 23:00:00,A,C0000,PR_HU_EU,MK,2007,499.01,
ESTAT:APRO_CPSH1(1.0),08/05/24 23:00:00,A,C0000,PR_HU_EU,MK,2008,615.05,
ESTAT:APRO_CPSH1(1.0),08/05/24 23:00:00,A,C0000,PR_HU_EU,MK,2009,612.69,
ESTAT:APRO_CPSH1(1.0),08/05/24 23:00:00,A,C0000,PR_HU_EU,MK,2010,547.78,
ESTAT:APRO_CPSH1(1.0),08/05/24 23:00:00,A,C0000,PR_HU_EU,MK,2011,561.24,
ESTAT:APRO_CPSH1(1.0),08/05/24 23:00:00,A,C0000,PR_HU_EU,MK,2012,465.06,
ESTAT:APRO_CPSH1(1.0),08/05/24 23:00:00,A,C0000,PR_HU_EU,MK,2013,568.36,
ESTAT:APRO_CPSH1(1.0),08/05/24 23:00:00,A,C0000,PR_HU_EU,MK,2014,636.48,
ESTAT:APRO_CPSH1(1.0),08/05/24 23:00:00,A,C0000,PR_HU_EU,MK,2015,489.44,
ESTAT:APRO_CPSH1(1.0),08/05/24 23:00:00,A,C0000,PR_HU_EU,MK,2016,648.36,
ESTAT:APRO_CPSH1(1.0),08/05/24 23:00:00,A,C0000,PR_HU_EU,MK,2017,452.91,
ESTAT:APRO_CPSH1(1.0),08/05/24 23:00:00,A,C0000,PR_HU_EU,MK,2018,605.26,
ESTAT:APRO_CPSH1(1.0),08/05/24 23:00:00,A,C0000,PR_HU_EU,MK,2019,569.60,
ESTAT:APRO_CPSH1(1.0),08/05/24 23:00:00,A,C0000,PR_HU_EU,MK,2020,585.50,
ESTAT:APRO_CPSH1(1.0),08/05/24 23:00:00,A,C0000,PR_HU_EU,MK,2021,568.88,
ESTAT:APRO_CPSH1(1.0),08/05/24 23:00:00,A,C0000,PR_HU_EU,MK,2022,548.40,
ESTAT:APRO_CPSH1(1.0),08/05/24 23:00:00,A,C0000,PR_HU_EU,MK,2023,528.98,
ESTAT:APRO_CPSH1(1.0),08/05/24 23:00:00,A,C0000,PR_HU_EU,MT,2000,0.00,
ESTAT:APRO_CPSH1(1.0),08/05/24 23:00:00,A,C0000,PR_HU_EU,MT,2001,0.00,
ESTAT:APRO_CPSH1(1.0),08/05/24 23:00:00,A,C0000,PR_HU_EU,MT,2002,0.00,
ESTAT:APRO_CPSH1(1.0),08/05/24 23:00:00,A,C0000,PR_HU_EU,MT,2003,0.00,
ESTAT:APRO_CPSH1(1.0),08/05/24 23:00:00,A,C0000,PR_HU_EU,MT,2004,0.00,
ESTAT:APRO_CPSH1(1.0),08/05/24 23:00:00,A,C0000,PR_HU_EU,MT,2005,0.00,
ESTAT:APRO_CPSH1(1.0),08/05/24 23:00:00,A,C0000,PR_HU_EU,MT,2006,0.00,
ESTAT:APRO_CPSH1(1.0),08/05/24 23:00:00,A,C0000,PR_HU_EU,MT,2007,0.00,
ESTAT:APRO_CPSH1(1.0),08/05/24 23:00:00,A,C0000,PR_HU_EU,MT,2008,0.00,
ESTAT:APRO_CPSH1(1.0),08/05/24 23:00:00,A,C0000,PR_HU_EU,MT,2009,0.00,
ESTAT:APRO_CPSH1(1.0),08/05/24 23:00:00,A,C0000,PR_HU_EU,MT,2010,0.00,
ESTAT:APRO_CPSH1(1.0),08/05/24 23:00:00,A,C0000,PR_HU_EU,MT,2011,0.00,
ESTAT:APRO_CPSH1(1.0),08/05/24 23:00:00,A,C0000,PR_HU_EU,MT,2012,0.00,
ESTAT:APRO_CPSH1(1.0),08/05/24 23:00:00,A,C0000,PR_HU_EU,MT,2013,0.00,
ESTAT:APRO_CPSH1(1.0),08/05/24 23:00:00,A,C0000,PR_HU_EU,MT,2014,0.00,
ESTAT:APRO_CPSH1(1.0),08/05/24 23:00:00,A,C0000,PR_HU_EU,MT,2015,0.00,
ESTAT:APRO_CPSH1(1.0),08/05/24 23:00:00,A,C0000,PR_HU_EU,MT,2016,0.00,
ESTAT:APRO_CPSH1(1.0),08/05/24 23:00:00,A,C0000,PR_HU_EU,MT,2017,0.00,
ESTAT:APRO_CPSH1(1.0),08/05/24 23:00:00,A,C0000,PR_HU_EU,MT,2018,0.00,
ESTAT:APRO_CPSH1(1.0),08/05/24 23:00:00,A,C0000,PR_HU_EU,MT,2019,0.00,
ESTAT:APRO_CPSH1(1.0),08/05/24 23:00:00,A,C0000,PR_HU_EU,MT,2020,0.00,
ESTAT:APRO_CPSH1(1.0),08/05/24 23:00:00,A,C0000,PR_HU_EU,MT,2021,0.00,
ESTAT:APRO_CPSH1(1.0),08/05/24 23:00:00,A,C0000,PR_HU_EU,MT,2022,0.00,
ESTAT:APRO_CPSH1(1.0),08/05/24 23:00:00,A,C0000,PR_HU_EU,MT,2023,0.00,
ESTAT:APRO_CPSH1(1.0),08/05/24 23:00:00,A,C0000,PR_HU_EU,MT,2024,0.00,
ESTAT:APRO_CPSH1(1.0),08/05/24 23:00:00,A,C0000,PR_HU_EU,NL,2000,1776.50,
ESTAT:APRO_CPSH1(1.0),08/05/24 23:00:00,A,C0000,PR_HU_EU,NL,2001,1819.28,
ESTAT:APRO_CPSH1(1.0),08/05/24 23:00:00,A,C0000,PR_HU_EU,NL,2002,1781.48,
ESTAT:APRO_CPSH1(1.0),08/05/24 23:00:00,A,C0000,PR_HU_EU,NL,2003,1872.52,
ESTAT:APRO_CPSH1(1.0),08/05/24 23:00:00,A,C0000,PR_HU_EU,NL,2004,1878.57,
ESTAT:APRO_CPSH1(1.0),08/05/24 23:00:00,A,C0000,PR_HU_EU,NL,2005,1814.11,
ESTAT:APRO_CPSH1(1.0),08/05/24 23:00:00,A,C0000,PR_HU_EU,NL,2006,1709.20,
ESTAT:APRO_CPSH1(1.0),08/05/24 23:00:00,A,C0000,PR_HU_EU,NL,2007,1584.87,
ESTAT:APRO_CPSH1(1.0),08/05/24 23:00:00,A,C0000,PR_HU_EU,NL,2008,2014.63,
ESTAT:APRO_CPSH1(1.0),08/05/24 23:00:00,A,C0000,PR_HU_EU,NL,2009,2040.22,
ESTAT:APRO_CPSH1(1.0),08/05/24 23:00:00,A,C0000,PR_HU_EU,NL,2010,1784.97,
ESTAT:APRO_CPSH1(1.0),08/05/24 23:00:00,A,C0000,PR_HU_EU,NL,2011,1561.56,
ESTAT:APRO_CPSH1(1.0),08/05/24 23:00:00,A,C0000,PR_HU_EU,NL,2012,1708.37,
ESTAT:APRO_CPSH1(1.0),08/05/24 23:00:00,A,C0000,PR_HU_EU,NL,2013,1736.09,
ESTAT:APRO_CPSH1(1.0),08/05/24 23:00:00,A,C0000,PR_HU_EU,NL,2014,1668.99,
ESTAT:APRO_CPSH1(1.0),08/05/24 23:00:00,A,C0000,PR_HU_EU,NL,2015,1629.08,
ESTAT:APRO_CPSH1(1.0),08/05/24 23:00:00,A,C0000,PR_HU_EU,NL,2016,1344.30,
ESTAT:APRO_CPSH1(1.0),08/05/24 23:00:00,A,C0000,PR_HU_EU,NL,2017,1370.62,
ESTAT:APRO_CPSH1(1.0),08/05/24 23:00:00,A,C0000,PR_HU_EU,NL,2018,1315.25,
ESTAT:APRO_CPSH1(1.0),08/05/24 23:00:00,A,C0000,PR_HU_EU,NL,2019,1541.91,
ESTAT:APRO_CPSH1(1.0),08/05/24 23:00:00,A,C0000,PR_HU_EU,NL,2020,1364.38,
ESTAT:APRO_CPSH1(1.0),08/05/24 23:00:00,A,C0000,PR_HU_EU,NL,2021,1336.32,
ESTAT:APRO_CPSH1(1.0),08/05/24 23:00:00,A,C0000,PR_HU_EU,NL,2022,1647.13,
ESTAT:APRO_CPSH1(1.0),08/05/24 23:00:00,A,C0000,PR_HU_EU,NL,2023,1494.28,
ESTAT:APRO_CPSH1(1.0),08/05/24 23:00:00,A,C0000,PR_HU_EU,NO,2000,1309.00,
ESTAT:APRO_CPSH1(1.0),08/05/24 23:00:00,A,C0000,PR_HU_EU,NO,2001,1219.10,
ESTAT:APRO_CPSH1(1.0),08/05/24 23:00:00,A,C0000,PR_HU_EU,NO,2002,1142.10,
ESTAT:APRO_CPSH1(1.0),08/05/24 23:00:00,A,C0000,PR_HU_EU,NO,2003,1287.30,
ESTAT:APRO_CPSH1(1.0),08/05/24 23:00:00,A,C0000,PR_HU_EU,NO,2004,1444.60,
ESTAT:APRO_CPSH1(1.0),08/05/24 23:00:00,A,C0000,PR_HU_EU,NO,2005,1298.40,
ESTAT:APRO_CPSH1(1.0),08/05/24 23:00:00,A,C0000,PR_HU_EU,NO,2006,1169.20,
ESTAT:APRO_CPSH1(1.0),08/05/24 23:00:00,A,C0000,PR_HU_EU,NO,2007,1202.40,
ESTAT:APRO_CPSH1(1.0),08/05/24 23:00:00,A,C0000,PR_HU_EU,NO,2008,1347.00,
ESTAT:APRO_CPSH1(1.0),08/05/24 23:00:00,A,C0000,PR_HU_EU,NO,2010,1191.98,
ESTAT:APRO_CPSH1(1.0),08/05/24 23:00:00,A,C0000,PR_HU_EU,NO,2011,1015.06,
ESTAT:APRO_CPSH1(1.0),08/05/24 23:00:00,A,C0000,PR_HU_EU,NO,2012,1072.38,
ESTAT:APRO_CPSH1(1.0),08/05/24 23:00:00,A,C0000,PR_HU_EU,NO,2013,953.78,
ESTAT:APRO_CPSH1(1.0),08/05/24 23:00:00,A,C0000,PR_HU_EU,NO,2014,1223.70,
ESTAT:APRO_CPSH1(1.0),08/05/24 23:00:00,A,C0000,PR_HU_EU,NO,2015,1342.11,
ESTAT:APRO_CPSH1(1.0),08/05/24 23:00:00,A,C0000,PR_HU_EU,NO,2016,1310.58,
ESTAT:APRO_CPSH1(1.0),08/05/24 23:00:00,A,C0000,PR_HU_EU,NO,2017,1292.08,
ESTAT:APRO_CPSH1(1.0),08/05/24 23:00:00,A,C0000,PR_HU_EU,NO,2018,734.40,
ESTAT:APRO_CPSH1(1.0),08/05/24 23:00:00,A,C0000,PR_HU_EU,NO,2019,1281.37,
ESTAT:APRO_CPSH1(1.0),08/05/24 23:00:00,A,C0000,PR_HU_EU,NO,2020,1311.00,
ESTAT:APRO_CPSH1(1.0),08/05/24 23:00:00,A,C0000,PR_HU_EU,NO,2021,1170.88,
ESTAT:APRO_CPSH1(1.0),08/05/24 23:00:00,A,C0000,PR_HU_EU,PL,2000,22340.60,
ESTAT:APRO_CPSH1(1.0),08/05/24 23:00:00,A,C0000,PR_HU_EU,PL,2001,26960.30,
ESTAT:APRO_CPSH1(1.0),08/05/24 23:00:00,A,C0000,PR_HU_EU,PL,2002,26877.30,
ESTAT:APRO_CPSH1(1.0),08/05/24 23:00:00,A,C0000,PR_HU_EU,PL,2003,23390.80,
ESTAT:APRO_CPSH1(1.0),08/05/24 23:00:00,A,C0000,PR_HU_EU,PL,2004,29635.10,
ESTAT:APRO_CPSH1(1.0),08/05/24 23:00:00,A,C0000,PR_HU_EU,PL,2005,26927.80,
ESTAT:APRO_CPSH1(1.0),08/05/24 23:00:00,A,C0000,PR_HU_EU,PL,2006,21775.90,
ESTAT:APRO_CPSH1(1.0),08/05/24 23:00:00,A,C0000,PR_HU_EU,PL,2007,27142.80,
ESTAT:APRO_CPSH1(1.0),08/05/24 23:00:00,A,C0000,PR_HU_EU,PL,2008,27664.30,
ESTAT:APRO_CPSH1(1.0),08/05/24 23:00:00,A,C0000,PR_HU_EU,PL,2009,29826.60,
ESTAT:APRO_CPSH1(1.0),08/05/24 23:00:00,A,C0000,PR_HU_EU,PL,2010,26753.19,
ESTAT:APRO_CPSH1(1.0),08/05/24 23:00:00,A,C0000,PR_HU_EU,PL,2011,26300.53,
ESTAT:APRO_CPSH1(1.0),08/05/24 23:00:00,A,C0000,PR_HU_EU,PL,2012,28045.94,
ESTAT:APRO_CPSH1(1.0),08/05/24 23:00:00,A,C0000,PR_HU_EU,PL,2013,27958.79,
ESTAT:APRO_CPSH1(1.0),08/05/24 23:00:00,A,C0000,PR_HU_EU,PL,2014,31369.67,
ESTAT:APRO_CPSH1(1.0),08/05/24 23:00:00,A,C0000,PR_HU_EU,PL,2015,27481.72,
ESTAT:APRO_CPSH1(1.0),08/05/24 23:00:00,A,C0000,PR_HU_EU,PL,2016,29293.87,
ESTAT:APRO_CPSH1(1.0),08/05/24 23:00:00,A,C0000,PR_HU_EU,PL,2017,31331.01,
ESTAT:APRO_CPSH1(1.0),08/05/24 23:00:00,A,C0000,PR_HU_EU,PL,2018,26281.55,
ESTAT:APRO_CPSH1(1.0),08/05/24 23:00:00,A,C0000,PR_HU_EU,PL,2019,28450.92,
ESTAT:APRO_CPSH1(1.0),08/05/24 23:00:00,A,C0000,PR_HU_EU,PL,2020,35031.30,
ESTAT:APRO_CPSH1(1.0),08/05/24 23:00:00,A,C0000,PR_HU_EU,PL,2021,33996.28,
ESTAT:APRO_CPSH1(1.0),08/05/24 23:00:00,A,C0000,PR_HU_EU,PL,2022,34987.75,
ESTAT:APRO_CPSH1(1.0),08/05/24 23:00:00,A,C0000,PR_HU_EU,PL,2023,35183.86,e
ESTAT:APRO_CPSH1(1.0),08/05/24 23:00:00,A,C0000,PR_HU_EU,PT,2000,1646.02,
ESTAT:APRO_CPSH1(1.0),08/05/24 23:00:00,A,C0000,PR_HU_EU,PT,2001,1317.54,
ESTAT:APRO_CPSH1(1.0),08/05/24 23:00:00,A,C0000,PR_HU_EU,PT,2002,1529.66,
ESTAT:APRO_CPSH1(1.0),08/05/24 23:00:00,A,C0000,PR_HU_EU,PT,2003,1204.91,
ESTAT:APRO_CPSH1(1.0),08/05/24 23:00:00,A,C0000,PR_HU_EU,PT,2004,1395.58,
ESTAT:APRO_CPSH1(1.0),08/05/24 23:00:00,A,C0000,PR_HU_EU,PT,2005,809.66,
ESTAT:APRO_CPSH1(1.0),08/05/24 23:00:00,A,C0000,PR_HU_EU,PT,2006,1219.67,
ESTAT:APRO_CPSH1(1.0),08/05/24 23:00:00,A,C0000,PR_HU_EU,PT,2007,1078.90,
ESTAT:APRO_CPSH1(1.0),08/05/24 23:00:00,A,C0000,PR_HU_EU,PT,2008,1331.03,
ESTAT:APRO_CPSH1(1.0),08/05/24 23:00:00,A,C0000,PR_HU_EU,PT,2009,1133.01,
ESTAT:APRO_CPSH1(1.0),08/05/24 23:00:00,A,C0000,PR_HU_EU,PT,2010,1030.32,
ESTAT:APRO_CPSH1(1.0),08/05/24 23:00:00,A,C0000,PR_HU_EU,PT,2011,1166.30,
ESTAT:APRO_CPSH1(1.0),08/05/24 23:00:00,A,C0000,PR_HU_EU,PT,2012,1186.07,
ESTAT:APRO_CPSH1(1.0),08/05/24 23:00:00,A,C0000,PR_HU_EU,PT,2013,1374.51,
ESTAT:APRO_CPSH1(1.0),08/05/24 23:00:00,A,C0000,PR_HU_EU,PT,2014,1346.36,
ESTAT:APRO_CPSH1(1.0),08/05/24 23:00:00,A,C0000,PR_HU_EU,PT,2015,1252.36,
ESTAT:APRO_CPSH1(1.0),08/05/24 23:00:00,A,C0000,PR_HU_EU,PT,2016,1152.27,
ESTAT:APRO_CPSH1(1.0),08/05/24 23:00:00,A,C0000,PR_HU_EU,PT,2017,1137.50,
ESTAT:APRO_CPSH1(1.0),08/05/24 23:00:00,A,C0000,PR_HU_EU,PT,2018,1116.32,
ESTAT:APRO_CPSH1(1.0),08/05/24 23:00:00,A,C0000,PR_HU_EU,PT,2019,1163.02,
ESTAT:APRO_CPSH1(1.0),08/05/24 23:00:00,A,C0000,PR_HU_EU,PT,2020,1055.08,
ESTAT:APRO_CPSH1(1.0),08/05/24 23:00:00,A,C0000,PR_HU_EU,PT,2021,1127.70,
ESTAT:APRO_CPSH1(1.0),08/05/24 23:00:00,A,C0000,PR_HU_EU,PT,2022,1019.90,
ESTAT:APRO_CPSH1(1.0),08/05/24 23:00:00,A,C0000,PR_HU_EU,PT,2023,1022.36,p
ESTAT:APRO_CPSH1(1.0),08/05/24 23:00:00,A,C0000,PR_HU_EU,RO,2000,10477.51,
ESTAT:APRO_CPSH1(1.0),08/05/24 23:00:00,A,C0000,PR_HU_EU,RO,2001,18870.93,
ESTAT:APRO_CPSH1(1.0),08/05/24 23:00:00,A,C0000,PR_HU_EU,RO,2002,14356.50,
ESTAT:APRO_CPSH1(1.0),08/05/24 23:00:00,A,C0000,PR_HU_EU,RO,2003,12964.40,
ESTAT:APRO_CPSH1(1.0),08/05/24 23:00:00,A,C0000,PR_HU_EU,RO,2004,24403.01,
ESTAT:APRO_CPSH1(1.0),08/05/24 23:00:00,A,C0000,PR_HU_EU,RO,2005,19345.46,
ESTAT:APRO_CPSH1(1.0),08/05/24 23:00:00,A,C0000,PR_HU_EU,RO,2006,15759.32,
ESTAT:APRO_CPSH1(1.0),08/05/24 23:00:00,A,C0000,PR_HU_EU,RO,2007,7814.83,
ESTAT:APRO_CPSH1(1.0),08/05/24 23:00:00,A,C0000,PR_HU_EU,RO,2008,16826.44,
ESTAT:APRO_CPSH1(1.0),08/05/24 23:00:00,A,C0000,PR_HU_EU,RO,2009,14872.95,
ESTAT:APRO_CPSH1(1.0),08/05/24 23:00:00,A,C0000,PR_HU_EU,RO,2010,16712.88,
ESTAT:APRO_CPSH1(1.0),08/05/24 23:00:00,A,C0000,PR_HU_EU,RO,2011,20842.16,
ESTAT:APRO_CPSH1(1.0),08/05/24 23:00:00,A,C0000,PR_HU_EU,RO,2012,12824.14,
ESTAT:APRO_CPSH1(1.0),08/05/24 23:00:00,A,C0000,PR_HU_EU,RO,2013,20897.08,
ESTAT:APRO_CPSH1(1.0),08/05/24 23:00:00,A,C0000,PR_HU_EU,RO,2014,22070.74,
ESTAT:APRO_CPSH1(1.0),08/05/24 23:00:00,A,C0000,PR_HU_EU,RO,2015,19332.82,
ESTAT:APRO_CPSH1(1.0),08/05/24 23:00:00,A,C0000,PR_HU_EU,RO,2016,21764.82,
ESTAT:APRO_CPSH1(1.0),08/05/24 23:00:00,A,C0000,PR_HU_EU,RO,2017,27138.88,
ESTAT:APRO_CPSH1(1.0),08/05/24 23:00:00,A,C0000,PR_HU_EU,RO,2018,31553.28,
ESTAT:APRO_CPSH1(1.0),08/05/24 23:00:00,A,C0000,PR_HU_EU,RO,2019,30412.43,
ESTAT:APRO_CPSH1(1.0),08/05/24 23:00:00,A,C0000,PR_HU_EU,RO,2020,18153.71,
ESTAT:APRO_CPSH1(1.0),08/05/24 23:00:00,A,C0000,PR_HU_EU,RO,2021,27791.26,
ESTAT:APRO_CPSH1(1.0),08/05/24 23:00:00,A,C0000,PR_HU_EU,RO,2022,18860.68,
ESTAT:APRO_CPSH1(1.0),08/05/24 23:00:00,A,C0000,PR_HU_EU,RO,2023,24007.93,
ESTAT:APRO_CPSH1(1.0),08/05/24 23:00:00,A,C0000,PR_HU_EU,RS,2007,6663.44,
ESTAT:APRO_CPSH1(1.0),08/05/24 23:00:00,A,C0000,PR_HU_EU,RS,2008,9333.46,
ESTAT:APRO_CPSH1(1.0),08/05/24 23:00:00,A,C0000,PR_HU_EU,RS,2009,9468.99,
ESTAT:APRO_CPSH1(1.0),08/05/24 23:00:00,A,C0000,PR_HU_EU,RS,2010,9694.39,
ESTAT:APRO_CPSH1(1.0),08/05/24 23:00:00,A,C0000,PR_HU_EU,RS,2011,9538.45,
ESTAT:APRO_CPSH1(1.0),08/05/24 23:00:00,A,C0000,PR_HU_EU,RS,2012,6354.91,
ESTAT:APRO_CPSH1(1.0),08/05/24 23:00:00,A,C0000,PR_HU_EU,RS,2013,9091.07,
ESTAT:APRO_CPSH1(1.0),08/05/24 23:00:00,A,C0000,PR_HU_EU,RS,2014,10848.32,
ESTAT:APRO_CPSH1(1.0),08/05/24 23:00:00,A,C0000,PR_HU_EU,RS,2015,8436.97,
ESTAT:APRO_CPSH1(1.0),08/05/24 23:00:00,A,C0000,PR_HU_EU,RS,2016,10868.00,
ESTAT:APRO_CPSH1(1.0),08/05/24 23:00:00,A,C0000,PR_HU_EU,RS,2017,6793.30,
ESTAT:APRO_CPSH1(1.0),08/05/24 23:00:00,A,C0000,PR_HU_EU,RS,2018,10529.06,
ESTAT:APRO_CPSH1(1.0),08/05/24 23:00:00,A,C0000,PR_HU_EU,RS,2019,10436.43,
ESTAT:APRO_CPSH1(1.0),08/05/24 23:00:00,A,C0000,PR_HU_EU,RS,2020,11447.57,
ESTAT:APRO_CPSH1(1.0),08/05/24 23:00:00,A,C0000,PR_HU_EU,RS,2021,10236.39,
ESTAT:APRO_CPSH1(1.0),08/05/24 23:00:00,A,C0000,PR_HU_EU,RS,2022,8012.86,
ESTAT:APRO_CPSH1(1.0),08/05/24 23:00:00,A,C0000,PR_HU_EU,SE,2000,5604.37,
ESTAT:APRO_CPSH1(1.0),08/05/24 23:00:00,A,C0000,PR_HU_EU,SE,2001,5328.02,
ESTAT:APRO_CPSH1(1.0),08/05/24 23:00:00,A,C0000,PR_HU_EU,SE,2002,5398.39,
ESTAT:APRO_CPSH1(1.0),08/05/24 23:00:00,A,C0000,PR_HU_EU,SE,2003,5289.87,
ESTAT:APRO_CPSH1(1.0),08/05/24 23:00:00,A,C0000,PR_HU_EU,SE,2004,5507.80,
ESTAT:APRO_CPSH1(1.0),08/05/24 23:00:00,A,C0000,PR_HU_EU,SE,2005,5050.60,
ESTAT:APRO_CPSH1(1.0),08/05/24 23:00:00,A,C0000,PR_HU_EU,SE,2006,4128.40,
ESTAT:APRO_CPSH1(1.0),08/05/24 23:00:00,A,C0000,PR_HU_EU,SE,2007,5066.80,
ESTAT:APRO_CPSH1(1.0),08/05/24 23:00:00,A,C0000,PR_HU_EU,SE,2008,5201.20,
ESTAT:APRO_CPSH1(1.0),08/05/24 23:00:00,A,C0000,PR_HU_EU,SE,2009,5250.20,
ESTAT:APRO_CPSH1(1.0),08/05/24 23:00:00,A,C0000,PR_HU_EU,SE,2010,4287.00,
ESTAT:APRO_CPSH1(1.0),08/05/24 23:00:00,A,C0000,PR_HU_EU,SE,2011,4646.40,
ESTAT:APRO_CPSH1(1.0),08/05/24 23:00:00,A,C0000,PR_HU_EU,SE,2012,5070.50,
ESTAT:APRO_CPSH1(1.0),08/05/24 23:00:00,A,C0000,PR_HU_EU,SE,2013,4992.60,
ESTAT:APRO_CPSH1(1.0),08/05/24 23:00:00,A,C0000,PR_HU_EU,SE,2014,5782.50,
ESTAT:APRO_CPSH1(1.0),08/05/24 23:00:00,A,C0000,PR_HU_EU,SE,2015,6168.80,
ESTAT:APRO_CPSH1(1.0),08/05/24 23:00:00,A,C0000,PR_HU_EU,SE,2016,5480.50,
ESTAT:APRO_CPSH1(1.0),08/05/24 23:00:00,A,C0000,PR_HU_EU,SE,2017,5958.40,
ESTAT:APRO_CPSH1(1.0),08/05/24 23:00:00,A,C0000,PR_HU_EU,SE,2018,3260.10,
ESTAT:APRO_CPSH1(1.0),08/05/24 23:00:00,A,C0000,PR_HU_EU,SE,2019,6147.70,
ESTAT:APRO_CPSH1(1.0),08/05/24 23:00:00,A,C0000,PR_HU_EU,SE,2020,5954.50,
ESTAT:APRO_CPSH1(1.0),08/05/24 23:00:00,A,C0000,PR_HU_EU,SE,2021,4980.30,
ESTAT:APRO_CPSH1(1.0),08/05/24 23:00:00,A,C0000,PR_HU_EU,SE,2022,5823.20,
ESTAT:APRO_CPSH1(1.0),08/05/24 23:00:00,A,C0000,PR_HU_EU,SE,2023,4238.90,
ESTAT:APRO_CPSH1(1.0),08/05/24 23:00:00,A,C0000,PR_HU_EU,SI,2000,493.80,
ESTAT:APRO_CPSH1(1.0),08/05/24 23:00:00,A,C0000,PR_HU_EU,SI,2001,495.97,
ESTAT:APRO_CPSH1(1.0),08/05/24 23:00:00,A,C0000,PR_HU_EU,SI,2002,610.73,
ESTAT:APRO_CPSH1(1.0),08/05/24 23:00:00,A,C0000,PR_HU_EU,SI,2003,398.75,
ESTAT:APRO_CPSH1(1.0),08/05/24 23:00:00,A,C0000,PR_HU_EU,SI,2004,583.17,
ESTAT:APRO_CPSH1(1.0),08/05/24 23:00:00,A,C0000,PR_HU_EU,SI,2005,576.29,
ESTAT:APRO_CPSH1(1.0),08/05/24 23:00:00,A,C0000,PR_HU_EU,SI,2006,493.56,
ESTAT:APRO_CPSH1(1.0),08/05/24 23:00:00,A,C0000,PR_HU_EU,SI,2007,531.89,
ESTAT:APRO_CPSH1(1.0),08/05/24 23:00:00,A,C0000,PR_HU_EU,SI,2008,579.64,
ESTAT:APRO_CPSH1(1.0),08/05/24 23:00:00,A,C0000,PR_HU_EU,SI,2009,532.84,
ESTAT:APRO_CPSH1(1.0),08/05/24 23:00:00,A,C0000,PR_HU_EU,SI,2010,568.83,
ESTAT:APRO_CPSH1(1.0),08/05/24 23:00:00,A,C0000,PR_HU_EU,SI,2011,607.96,
ESTAT:APRO_CPSH1(1.0),08/05/24 23:00:00,A,C0000,PR_HU_EU,SI,2012,576.41,
ESTAT:APRO_CPSH1(1.0),08/05/24 23:00:00,A,C0000,PR_HU_EU,SI,2013,457.34,
ESTAT:APRO_CPSH1(1.0),08/05/24 23:00:00,A,C0000,PR_HU_EU,SI,2014,649.06,
ESTAT:APRO_CPSH1(1.0),08/05/24 23:00:00,A,C0000,PR_HU_EU,SI,2015,624.05,
ESTAT:APRO_CPSH1(1.0),08/05/24 23:00:00,A,C0000,PR_HU_EU,SI,2016,638.06,
ESTAT:APRO_CPSH1(1.0),08/05/24 23:00:00,A,C0000,PR_HU_EU,SI,2017,546.99,
ESTAT:APRO_CPSH1(1.0),08/05/24 23:00:00,A,C0000,PR_HU_EU,SI,2018,596.66,
ESTAT:APRO_CPSH1(1.0),08/05/24 23:00:00,A,C0000,PR_HU_EU,SI,2019,641.74,
ESTAT:APRO_CPSH1(1.0),08/05/24 23:00:00,A,C0000,PR_HU_EU,SI,2020,749.69,
ESTAT:APRO_CPSH1(1.0),08/05/24 23:00:00,A,C0000,PR_HU_EU,SI,2021,700.55,
ESTAT:APRO_CPSH1(1.0),08/05/24 23:00:00,A,C0000,PR_HU_EU,SI,2022,576.19,
ESTAT:APRO_CPSH1(1.0),08/05/24 23:00:00,A,C0000,PR_HU_EU,SI,2023,666.63,
ESTAT:APRO_CPSH1(1.0),08/05/24 23:00:00,A,C0000,PR_HU_EU,SK,2000,2201.30,
ESTAT:APRO_CPSH1(1.0),08/05/24 23:00:00,A,C0000,PR_HU_EU,SK,2001,3212.00,
ESTAT:APRO_CPSH1(1.0),08/05/24 23:00:00,A,C0000,PR_HU_EU,SK,2002,3193.60,
ESTAT:APRO_CPSH1(1.0),08/05/24 23:00:00,A,C0000,PR_HU_EU,SK,2003,2490.30,
ESTAT:APRO_CPSH1(1.0),08/05/24 23:00:00,A,C0000,PR_HU_EU,SK,2004,3793.20,
ESTAT:APRO_CPSH1(1.0),08/05/24 23:00:00,A,C0000,PR_HU_EU,SK,2005,3585.30,
ESTAT:APRO_CPSH1(1.0),08/05/24 23:00:00,A,C0000,PR_HU_EU,SK,2006,2928.80,
ESTAT:APRO_CPSH1(1.0),08/05/24 23:00:00,A,C0000,PR_HU_EU,SK,2007,2793.20,
ESTAT:APRO_CPSH1(1.0),08/05/24 23:00:00,A,C0000,PR_HU_EU,SK,2008,4137.00,
ESTAT:APRO_CPSH1(1.0),08/05/24 23:00:00,A,C0000,PR_HU_EU,SK,2009,3330.00,
ESTAT:APRO_CPSH1(1.0),08/05/24 23:00:00,A,C0000,PR_HU_EU,SK,2010,2571.24,
ESTAT:APRO_CPSH1(1.0),08/05/24 23:00:00,A,C0000,PR_HU_EU,SK,2011,3714.10,
ESTAT:APRO_CPSH1(1.0),08/05/24 23:00:00,A,C0000,PR_HU_EU,SK,2012,3035.81,
ESTAT:APRO_CPSH1(1.0),08/05/24 23:00:00,A,C0000,PR_HU_EU,SK,2013,3411.96,
ESTAT:APRO_CPSH1(1.0),08/05/24 23:00:00,A,C0000,PR_HU_EU,SK,2014,4708.34,
ESTAT:APRO_CPSH1(1.0),08/05/24 23:00:00,A,C0000,PR_HU_EU,SK,2015,3805.71,
ESTAT:APRO_CPSH1(1.0),08/05/24 23:00:00,A,C0000,PR_HU_EU,SK,2016,4847.85,
ESTAT:APRO_CPSH1(1.0),08/05/24 23:00:00,A,C0000,PR_HU_EU,SK,2017,3484.06,
ESTAT:APRO_CPSH1(1.0),08/05/24 23:00:00,A,C0000,PR_HU_EU,SK,2018,4037.76,
ESTAT:APRO_CPSH1(1.0),08/05/24 23:00:00,A,C0000,PR_HU_EU,SK,2019,4104.06,
ESTAT:APRO_CPSH1(1.0),08/05/24 23:00:00,A,C0000,PR_HU_EU,SK,2020,4580.88,
ESTAT:APRO_CPSH1(1.0),08/05/24 23:00:00,A,C0000,PR_HU_EU,SK,2021,4308.04,
ESTAT:APRO_CPSH1(1.0),08/05/24 23:00:00,A,C0000,PR_HU_EU,SK,2022,3382.80,
ESTAT:APRO_CPSH1(1.0),08/05/24 23:00:00,A,C0000,PR_HU_EU,SK,2023,4283.44,
ESTAT:APRO_CPSH1(1.0),08/05/24 23:00:00,A,C0000,PR_HU_EU,TR,2000,32099.90,
ESTAT:APRO_CPSH1(1.0),08/05/24 23:00:00,A,C0000,PR_HU_EU,TR,2001,29419.40,
ESTAT:APRO_CPSH1(1.0),08/05/24 23:00:00,A,C0000,PR_HU_EU,TR,2002,30678.70,
ESTAT:APRO_CPSH1(1.0),08/05/24 23:00:00,A,C0000,PR_HU_EU,TR,2003,30649.90,
ESTAT:APRO_CPSH1(1.0),08/05/24 23:00:00,A,C0000,PR_HU_EU,TR,2004,41399.00,
ESTAT:APRO_CPSH1(1.0),08/05/24 23:00:00,A,C0000,PR_HU_EU,TR,2005,36107.30,
ESTAT:APRO_CPSH1(1.0),08/05/24 23:00:00,A,C0000,PR_HU_EU,TR,2006,34278.00,
ESTAT:APRO_CPSH1(1.0),08/05/24 23:00:00,A,C0000,PR_HU_EU,TR,2007,29249.20,
ESTAT:APRO_CPSH1(1.0),08/05/24 23:00:00,A,C0000,PR_HU_EU,TR,2008,29287.00,
ESTAT:APRO_CPSH1(1.0),08/05/24 23:00:00,A,C0000,PR_HU_EU,TR,2009,33373.00,
ESTAT:APRO_CPSH1(1.0),08/05/24 23:00:00,A,C0000,PR_HU_EU,TR,2010,32773.00,
ESTAT:APRO_CPSH1(1.0),08/05/24 23:00:00,A,C0000,PR_HU_EU,TR,2011,35202.00,
ESTAT:APRO_CPSH1(1.0),08/05/24 23:00:00,A,C0000,PR_HU_EU,TR,2012,33025.00,
ESTAT:APRO_CPSH1(1.0),08/05/24 23:00:00,A,C0000,PR_HU_EU,TR,2013,37129.40,
ESTAT:APRO_CPSH1(1.0),08/05/24 23:00:00,A,C0000,PR_HU_EU,TR,2014,32382.00,
ESTAT:APRO_CPSH1(1.0),08/05/24 23:00:00,A,C0000,PR_HU_EU,TR,2015,38637.00,
ESTAT:APRO_CPSH1(1.0),08/05/24 23:00:00,A,C0000,PR_HU_EU,TR,2016,35724.93,
ESTAT:APRO_CPSH1(1.0),08/05/24 23:00:00,A,C0000,PR_HU_EU,TR,2017,36598.79,
ESTAT:APRO_CPSH1(1.0),08/05/24 23:00:00,A,C0000,PR_HU_EU,TR,2018,34705.75,
ESTAT:APRO_CPSH1(1.0),08/05/24 23:00:00,A,C0000,PR_HU_EU,TR,2019,35202.05,
ESTAT:APRO_CPSH1(1.0),08/05/24 23:00:00,A,C0000,PR_HU_EU,TR,2020,38050.79,
ESTAT:APRO_CPSH1(1.0),08/05/24 23:00:00,A,C0000,PR_HU_EU,TR,2021,32601.95,
ESTAT:APRO_CPSH1(1.0),08/05/24 23:00:00,A,C0000,PR_HU_EU,TR,2022,39562.14,
ESTAT:APRO_CPSH1(1.0),08/05/24 23:00:00,A,C0000,PR_HU_EU,UK,2000,23985.00,
ESTAT:APRO_CPSH1(1.0),08/05/24 23:00:00,A,C0000,PR_HU_EU,UK,2001,18959.40,
ESTAT:APRO_CPSH1(1.0),08/05/24 23:00:00,A,C0000,PR_HU_EU,UK,2002,22965.40,
ESTAT:APRO_CPSH1(1.0),08/05/24 23:00:00,A,C0000,PR_HU_EU,UK,2003,21644.80,
ESTAT:APRO_CPSH1(1.0),08/05/24 23:00:00,A,C0000,PR_HU_EU,UK,2004,22074.50,
ESTAT:APRO_CPSH1(1.0),08/05/24 23:00:00,A,C0000,PR_HU_EU,UK,2005,21024.90,
ESTAT:APRO_CPSH1(1.0),08/05/24 23:00:00,A,C0000,PR_HU_EU,UK,2006,20805.40,
ESTAT:APRO_CPSH1(1.0),08/05/24 23:00:00,A,C0000,PR_HU_EU,UK,2007,19045.00,
ESTAT:APRO_CPSH1(1.0),08/05/24 23:00:00,A,C0000,PR_HU_EU,UK,2008,24282.00,
ESTAT:APRO_CPSH1(1.0),08/05/24 23:00:00,A,C0000,PR_HU_EU,UK,2009,21618.00,
ESTAT:APRO_CPSH1(1.0),08/05/24 23:00:00,A,C0000,PR_HU_EU,UK,2010,20824.22,
ESTAT:APRO_CPSH1(1.0),08/05/24 23:00:00,A,C0000,PR_HU_EU,UK,2011,21360.09,
ESTAT:APRO_CPSH1(1.0),08/05/24 23:00:00,A,C0000,PR_HU_EU,UK,2012,19401.54,
ESTAT:APRO_CPSH1(1.0),08/05/24 23:00:00,A,C0000,PR_HU_EU,UK,2013,19905.59,e
ESTAT:APRO_CPSH1(1.0),08/05/24 23:00:00,A,C0000,PR_HU_EU,UK,2014,24382.41,e
ESTAT:APRO_CPSH1(1.0),08/05/24 23:00:00,A,C0000,PR_HU_EU,UK,2015,24591.19,
ESTAT:APRO_CPSH1(1.0),08/05/24 23:00:00,A,C0000,PR_HU_EU,UK,2016,21710.58,
ESTAT:APRO_CPSH1(1.0),08/05/24 23:00:00,A,C0000,PR_HU_EU,UK,2017,22733.55,
ESTAT:APRO_CPSH1(1.0),08/05/24 23:00:00,A,C0000,PR_HU_EU,UK,2018,20839.83,
ESTAT:APRO_CPSH1(1.0),08/05/24 23:00:00,A,C0000,PR_HU_EU,UK,2019,25219.86,
ESTAT:APRO_CPSH1(1.0),08/05/24 23:00:00,A,C0000,PR_HU_EU,UK,2020,19469.45,p
ESTAT:APRO_CPSH1(1.0),08/05/24 23:00:00,A,C0000,PR_HU_EU,XK,2007,294.80,
ESTAT:APRO_CPSH1(1.0),08/05/24 23:00:00,A,C0000,PR_HU_EU,XK,2008,437.50,
ESTAT:APRO_CPSH1(1.0),08/05/24 23:00:00,A,C0000,PR_HU_EU,XK,2009,411.20,
ESTAT:APRO_CPSH1(1.0),08/05/24 23:00:00,A,C0000,PR_HU_EU,XK,2010,430.50,
ESTAT:APRO_CPSH1(1.0),08/05/24 23:00:00,A,C0000,PR_HU_EU,XK,2011,435.00,
ESTAT:APRO_CPSH1(1.0),08/05/24 23:00:00,A,C0000,PR_HU_EU,XK,2012,439.10,
ESTAT:APRO_CPSH1(1.0),08/05/24 23:00:00,A,C0000,PR_HU_EU,XK,2013,540.10,
ESTAT:APRO_CPSH1(1.0),08/05/24 23:00:00,A,C0000,PR_HU_EU,XK,2014,464.60,e
ESTAT:APRO_CPSH1(1.0),08/05/24 23:00:00,A,C0000,PR_HU_EU,XK,2015,443.60,
ESTAT:APRO_CPSH1(1.0),08/05/24 23:00:00,A,C0000,PR_HU_EU,XK,2016,562.90,
ESTAT:APRO_CPSH1(1.0),08/05/24 23:00:00,A,C0000,PR_HU_EU,XK,2017,477.90,
ESTAT:APRO_CPSH1(1.0),08/05/24 23:00:00,A,C0000,PR_HU_EU,XK,2018,441.80,
ESTAT:APRO_CPSH1(1.0),08/05/24 23:00:00,A,C0000,PR_HU_EU,XK,2019,459.40,
ESTAT:APRO_CPSH1(1.0),08/05/24 23:00:00,A,C0000,PR_HU_EU,XK,2020,529.11,
ESTAT:APRO_CPSH1(1.0),08/05/24 23:00:00,A,C0000,PR_HU_EU,XK,2021,504.37,
ESTAT:APRO_CPSH1(1.0),08/05/24 23:00:00,A,C0000,PR_HU_EU,XK,2022,518.72,
